id,library_id,component,category,tags,stacks,description,install,import,usage,a11y_notes,docs_url,verified_at
shadcn-ui--accordion,shadcn-ui,Accordion,data-display,accordion|collapse|expand|faq|disclosure|collapsible sections,react|next,Vertically stacked headings that each reveal a content section; use for FAQs and dense content.,npx shadcn@latest add accordion,"import { Accordion, AccordionContent, AccordionItem, AccordionTrigger } from ""@/components/ui/accordion""","<Accordion type=""single"" collapsible><AccordionItem value=""a""><AccordionTrigger>Q</AccordionTrigger><AccordionContent>A</AccordionContent></AccordionItem></Accordion>","Built on Radix/Base UI accordion: arrow-key navigation between triggers, aria-expanded/aria-controls handled.",https://ui.shadcn.com/docs/components/radix/accordion,2026-09-27
shadcn-ui--alert-dialog,shadcn-ui,Alert Dialog,overlay,confirm dialog|confirmation|are you sure|destructive action|modal,react|next,Modal that interrupts the user for a critical confirmation and requires an explicit response.,npx shadcn@latest add alert-dialog,"import { AlertDialog, AlertDialogAction, AlertDialogCancel, AlertDialogContent, AlertDialogDescription, AlertDialogFooter, AlertDialogHeader, AlertDialogTitle, AlertDialogTrigger } from ""@/components/ui/alert-dialog""",<AlertDialog><AlertDialogTrigger>Delete</AlertDialogTrigger><AlertDialogContent>...</AlertDialogContent></AlertDialog>,role=alertdialog; focus trapped; does not close on outside click; always provide AlertDialogTitle.,https://ui.shadcn.com/docs/components/radix/alert-dialog,2026-09-27
shadcn-ui--breadcrumb,shadcn-ui,Breadcrumb,navigation,breadcrumbs|path|trail|hierarchy|you are here,react|next,Displays the path to the current page as a hierarchy of links.,npx shadcn@latest add breadcrumb,"import { Breadcrumb, BreadcrumbItem, BreadcrumbLink, BreadcrumbList, BreadcrumbPage, BreadcrumbSeparator } from ""@/components/ui/breadcrumb""","<Breadcrumb><BreadcrumbList><BreadcrumbItem><BreadcrumbLink href=""/"">Home</BreadcrumbLink></BreadcrumbItem><BreadcrumbSeparator /><BreadcrumbItem><BreadcrumbPage>Docs</BreadcrumbPage></BreadcrumbItem></BreadcrumbList></Breadcrumb>","Renders nav aria-label=""breadcrumb""; BreadcrumbPage sets aria-current=""page"".",https://ui.shadcn.com/docs/components/radix/breadcrumb,2026-09-27
shadcn-ui--calendar,shadcn-ui,Calendar,form,calendar|date|day picker|month view|date range|datepicker,react|next,"Inline calendar for selecting a date or range, built on React DayPicker.",npx shadcn@latest add calendar,"import { Calendar } from ""@/components/ui/calendar""","<Calendar mode=""single"" selected={date} onSelect={setDate} />",Arrow keys move between days; PageUp/PageDown change month (DayPicker keyboard model).,https://ui.shadcn.com/docs/components/radix/calendar,2026-09-27
shadcn-ui--carousel,shadcn-ui,Carousel,media,carousel|slider|slideshow|gallery|swipe|testimonials slider,react|next,"Swipeable carousel with prev/next controls, built on Embla Carousel.",npx shadcn@latest add carousel,"import { Carousel, CarouselContent, CarouselItem, CarouselNext, CarouselPrevious } from ""@/components/ui/carousel""",<Carousel><CarouselContent><CarouselItem>1</CarouselItem><CarouselItem>2</CarouselItem></CarouselContent><CarouselPrevious /><CarouselNext /></Carousel>,Region has aria-roledescription=carousel and slides are labelled; add plugins (e.g. Autoplay) via the plugins prop and pause autoplay on hover/focus.,https://ui.shadcn.com/docs/components/radix/carousel,2026-09-27
shadcn-ui--combobox,shadcn-ui,Combobox,form,combobox|autocomplete|searchable select|typeahead|filter select|multi select,react|next,Input with a filterable popup list of options; supports single and multiple selection.,npx shadcn@latest add combobox,"import { Combobox, ComboboxContent, ComboboxEmpty, ComboboxInput, ComboboxItem, ComboboxList } from ""@/components/ui/combobox""","<Combobox items={items}><ComboboxInput placeholder=""Search..."" /><ComboboxContent><ComboboxEmpty>No results</ComboboxEmpty><ComboboxList>{(item) => <ComboboxItem key={item} value={item}>{item}</ComboboxItem>}</ComboboxList></ComboboxContent></Combobox>","role=combobox with listbox popup; arrow keys move the active option, Enter selects, Escape closes.",https://ui.shadcn.com/docs/components/radix/combobox,2026-09-27
shadcn-ui--command,shadcn-ui,Command,navigation,command palette|cmd k|command menu|spotlight search|launcher|quick search,react|next,"Command menu / Cmd+K palette with search, groups and shortcuts, built on cmdk.",npx shadcn@latest add command,"import { Command, CommandDialog, CommandEmpty, CommandGroup, CommandInput, CommandItem, CommandList, CommandSeparator, CommandShortcut } from ""@/components/ui/command""","<CommandDialog open={open} onOpenChange={setOpen}><CommandInput placeholder=""Type a command..."" /><CommandList><CommandEmpty>No results.</CommandEmpty><CommandGroup heading=""Pages""><CommandItem>Home</CommandItem></CommandGroup></CommandList></CommandDialog>",Arrow keys + Enter; wire the Cmd/Ctrl+K listener yourself and show the shortcut visibly.,https://ui.shadcn.com/docs/components/radix/command,2026-09-27
shadcn-ui--context-menu,shadcn-ui,Context Menu,overlay,right click menu|context menu|contextual actions,react|next,Menu that appears on right-click (or long-press) of an area.,npx shadcn@latest add context-menu,"import { ContextMenu, ContextMenuContent, ContextMenuItem, ContextMenuTrigger } from ""@/components/ui/context-menu""",<ContextMenu><ContextMenuTrigger>Right click</ContextMenuTrigger><ContextMenuContent><ContextMenuItem>Copy</ContextMenuItem></ContextMenuContent></ContextMenu>,Also opens via Shift+F10 / context-menu key; never make it the only path to an action.,https://ui.shadcn.com/docs/components/radix/context-menu,2026-09-27
shadcn-ui--data-table,shadcn-ui,Data Table,data-display,data table|datagrid|table|sortable table|filter table|pagination|tanstack,react|next,"Recipe for sortable, filterable, paginated tables using TanStack Table with the shadcn Table component.",Use real <table> semantics (provided); make sort headers buttons with aria-sort on the th.,npx shadcn@latest add table && npm install @tanstack/react-table,"import { useTable, type ColumnDef, type RowData } from ""@tanstack/react-table""; import { Table, TableBody, TableCell, TableHead, TableHeader, TableRow } from ""@/components/ui/table""",,https://ui.shadcn.com/docs/components/radix/data-table,2026-09-27
shadcn-ui--date-picker,shadcn-ui,Date Picker,form,date picker|datepicker|date input|calendar popover|date range picker,react|next,"Button that opens a Calendar in a Popover; a composition, not a single component.",npx shadcn@latest add popover calendar,"import { Calendar } from ""@/components/ui/calendar""; import { Popover, PopoverContent, PopoverTrigger } from ""@/components/ui/popover""","<Popover><PopoverTrigger asChild><Button variant=""outline"">Pick a date</Button></PopoverTrigger><PopoverContent className=""w-auto p-0""><Calendar mode=""single"" selected={date} onSelect={setDate} /></PopoverContent></Popover>",Give the trigger a label that includes the selected date; consider also allowing typed input.,https://ui.shadcn.com/docs/components/radix/date-picker,2026-09-27
shadcn-ui--dialog,shadcn-ui,Dialog,overlay,modal|dialog|popup|lightbox|overlay window,react|next,Window overlaid on the page that renders the content underneath inert.,npx shadcn@latest add dialog,"import { Dialog, DialogContent, DialogDescription, DialogHeader, DialogTitle, DialogTrigger } from ""@/components/ui/dialog""",<Dialog><DialogTrigger>Open</DialogTrigger><DialogContent><DialogHeader><DialogTitle>Title</DialogTitle><DialogDescription>Text</DialogDescription></DialogHeader></DialogContent></Dialog>,Focus trapped and restored; Escape closes; DialogTitle is required for a screen-reader name.,https://ui.shadcn.com/docs/components/radix/dialog,2026-09-27
shadcn-ui--drawer,shadcn-ui,Drawer,overlay,drawer|bottom sheet|mobile sheet|swipe up panel|vaul,react|next,"Draggable bottom drawer for mobile-style sheets, built on Vaul.",npx shadcn@latest add drawer,"import { Drawer, DrawerClose, DrawerContent, DrawerDescription, DrawerFooter, DrawerHeader, DrawerTitle, DrawerTrigger } from ""@/components/ui/drawer""",<Drawer><DrawerTrigger>Open</DrawerTrigger><DrawerContent><DrawerHeader><DrawerTitle>Title</DrawerTitle></DrawerHeader></DrawerContent></Drawer>,Dialog semantics with drag-to-dismiss; keep a visible close button for non-touch users.,https://ui.shadcn.com/docs/components/radix/drawer,2026-09-27
shadcn-ui--dropdown-menu,shadcn-ui,Dropdown Menu,overlay,dropdown|menu|actions menu|kebab menu|more menu|user menu,react|next,Menu of actions or options triggered by a button.,npx shadcn@latest add dropdown-menu,"import { DropdownMenu, DropdownMenuContent, DropdownMenuGroup, DropdownMenuItem, DropdownMenuLabel, DropdownMenuSeparator, DropdownMenuTrigger } from ""@/components/ui/dropdown-menu""",<DropdownMenu><DropdownMenuTrigger>Open</DropdownMenuTrigger><DropdownMenuContent><DropdownMenuItem>Profile</DropdownMenuItem></DropdownMenuContent></DropdownMenu>,"role=menu with roving focus, typeahead and Escape to close.",https://ui.shadcn.com/docs/components/radix/dropdown-menu,2026-09-27
shadcn-ui--field,shadcn-ui,Field,form,form field|label|input group|fieldset|form layout|validation message,react|next,"Layout primitives for accessible form fields: label, description, error, fieldset and groups.",npx shadcn@latest add field,"import { Field, FieldContent, FieldDescription, FieldError, FieldGroup, FieldLabel, FieldLegend, FieldSeparator, FieldSet, FieldTitle } from ""@/components/ui/field""","<Field><FieldLabel htmlFor=""email"">Email</FieldLabel><Input id=""email"" /><FieldDescription>We never share it.</FieldDescription></Field>",Connect label via htmlFor/id; render FieldError with the invalid state so errors are announced.,https://ui.shadcn.com/docs/components/radix/field,2026-09-27
shadcn-ui--hover-card,shadcn-ui,Hover Card,overlay,hover card|preview card|link preview|profile preview,react|next,"Card preview of content behind a link, shown on hover/focus.",npx shadcn@latest add hover-card,"import { HoverCard, HoverCardContent, HoverCardTrigger } from ""@/components/ui/hover-card""",<HoverCard><HoverCardTrigger>@user</HoverCardTrigger><HoverCardContent>Profile</HoverCardContent></HoverCard>,"Supplementary only: content is not reachable by touch/screen-reader users, never put essential info here.",https://ui.shadcn.com/docs/components/radix/hover-card,2026-09-27
shadcn-ui--input-otp,shadcn-ui,Input OTP,form,otp|one time password|verification code|2fa code|pin input,react|next,Segmented one-time-password input with copy-paste support.,npx shadcn@latest add input-otp,"import { InputOTP, InputOTPGroup, InputOTPSeparator, InputOTPSlot } from ""@/components/ui/input-otp""",<InputOTP maxLength={6}><InputOTPGroup><InputOTPSlot index={0} /><InputOTPSlot index={1} /><InputOTPSlot index={2} /></InputOTPGroup></InputOTP>,Single underlying input so paste and autocomplete=one-time-code work; add a visible label.,https://ui.shadcn.com/docs/components/radix/input-otp,2026-09-27
shadcn-ui--menubar,shadcn-ui,Menubar,navigation,menubar|app menu|desktop menu|file edit view menu,react|next,Persistent desktop-style menubar with nested menus.,npx shadcn@latest add menubar,"import { Menubar, MenubarContent, MenubarGroup, MenubarItem, MenubarMenu, MenubarSeparator, MenubarShortcut, MenubarTrigger } from ""@/components/ui/menubar""",<Menubar><MenubarMenu><MenubarTrigger>File</MenubarTrigger><MenubarContent><MenubarItem>New</MenubarItem></MenubarContent></MenubarMenu></Menubar>,role=menubar with arrow-key navigation; for website nav prefer Navigation Menu.,https://ui.shadcn.com/docs/components/radix/menubar,2026-09-27
shadcn-ui--navigation-menu,shadcn-ui,Navigation Menu,navigation,navbar|nav|header menu|mega menu|site navigation|top navigation,react|next,"Site navigation with dropdown panels (mega-menu style), animated between items.",npx shadcn@latest add navigation-menu,"import { NavigationMenu, NavigationMenuContent, NavigationMenuItem, NavigationMenuLink, NavigationMenuList, NavigationMenuTrigger } from ""@/components/ui/navigation-menu""","<NavigationMenu><NavigationMenuList><NavigationMenuItem><NavigationMenuTrigger>Products</NavigationMenuTrigger><NavigationMenuContent><NavigationMenuLink href=""/a"">A</NavigationMenuLink></NavigationMenuContent></NavigationMenuItem></NavigationMenuList></NavigationMenu>","Uses nav + disclosure pattern (not ARIA menu), Tab-navigable; build a separate mobile menu (e.g. Sheet).",https://ui.shadcn.com/docs/components/radix/navigation-menu,2026-09-27
shadcn-ui--pagination,shadcn-ui,Pagination,navigation,pagination|pager|page numbers|next previous,react|next,Page navigation with previous/next and numbered links.,npx shadcn@latest add pagination,"import { Pagination, PaginationContent, PaginationEllipsis, PaginationItem, PaginationLink, PaginationNext, PaginationPrevious } from ""@/components/ui/pagination""","<Pagination><PaginationContent><PaginationItem><PaginationPrevious href=""#"" /></PaginationItem><PaginationItem><PaginationLink href=""#"" isActive>1</PaginationLink></PaginationItem><PaginationItem><PaginationNext href=""#"" /></PaginationItem></PaginationContent></Pagination>",nav landmark; isActive sets aria-current=page.,https://ui.shadcn.com/docs/components/radix/pagination,2026-09-27
shadcn-ui--popover,shadcn-ui,Popover,overlay,popover|popup|floating panel|flyout|dropdown panel,react|next,Rich content in a floating portal anchored to a trigger.,npx shadcn@latest add popover,"import { Popover, PopoverContent, PopoverDescription, PopoverHeader, PopoverTitle, PopoverTrigger } from ""@/components/ui/popover""",<Popover><PopoverTrigger>Open</PopoverTrigger><PopoverContent>Content</PopoverContent></Popover>,Non-modal dialog; Escape and outside click close it and focus returns to the trigger.,https://ui.shadcn.com/docs/components/radix/popover,2026-09-27
shadcn-ui--select,shadcn-ui,Select,form,select|dropdown select|picker|options list|listbox,react|next,Styled single-select that shows a list of options in a popup.,npx shadcn@latest add select,"import { Select, SelectContent, SelectGroup, SelectItem, SelectTrigger, SelectValue } from ""@/components/ui/select""","<Select><SelectTrigger><SelectValue placeholder=""Theme"" /></SelectTrigger><SelectContent><SelectItem value=""light"">Light</SelectItem></SelectContent></Select>",Typeahead and arrow keys supported; pair with a label; use Native Select for long simple mobile lists.,https://ui.shadcn.com/docs/components/radix/select,2026-09-27
shadcn-ui--sheet,shadcn-ui,Sheet,overlay,sheet|side panel|slide over|off canvas|drawer|mobile menu|side drawer,react|next,Dialog that slides in from a screen edge; common for mobile nav menus and side panels.,npx shadcn@latest add sheet,"import { Sheet, SheetClose, SheetContent, SheetDescription, SheetFooter, SheetHeader, SheetTitle, SheetTrigger } from ""@/components/ui/sheet""","<Sheet><SheetTrigger>Menu</SheetTrigger><SheetContent side=""right""><SheetHeader><SheetTitle>Menu</SheetTitle></SheetHeader></SheetContent></Sheet>","Dialog semantics: focus trap, Escape closes, SheetTitle required.",https://ui.shadcn.com/docs/components/radix/sheet,2026-09-27
shadcn-ui--sidebar,shadcn-ui,Sidebar,navigation,sidebar|side nav|app shell|collapsible sidebar|dashboard navigation,react|next,"Composable, collapsible app sidebar with provider, groups, menus and mobile sheet behavior.",npx shadcn@latest add sidebar,"import { SidebarProvider, SidebarTrigger } from ""@/components/ui/sidebar""",<SidebarProvider><AppSidebar /><main><SidebarTrigger />{children}</main></SidebarProvider>,SidebarTrigger is a labelled toggle; keyboard shortcut Cmd/Ctrl+B toggles by default.,https://ui.shadcn.com/docs/components/radix/sidebar,2026-09-27
shadcn-ui--sonner,shadcn-ui,Sonner (Toast),feedback,toast|notification|snackbar|alert message|sonner,react|next,"Toast notifications via Sonner, styled to match shadcn/ui.",npx shadcn@latest add sonner,"import { Toaster } from ""@/components/ui/sonner""; import { toast } from ""sonner""","<Toaster /> then toast(""Event has been created."")",Toasts are announced via a live region; don't put the only copy of critical info or required actions in a toast.,https://ui.shadcn.com/docs/components/radix/sonner,2026-09-27
shadcn-ui--tabs,shadcn-ui,Tabs,navigation,tabs|tabbed interface|segmented|tab panel|switcher,react|next,Layered sections of content where one panel is shown at a time.,npx shadcn@latest add tabs,"import { Tabs, TabsContent, TabsList, TabsTrigger } from ""@/components/ui/tabs""","<Tabs defaultValue=""a""><TabsList><TabsTrigger value=""a"">A</TabsTrigger><TabsTrigger value=""b"">B</TabsTrigger></TabsList><TabsContent value=""a"">...</TabsContent></Tabs>",role=tablist/tab/tabpanel with arrow-key navigation.,https://ui.shadcn.com/docs/components/radix/tabs,2026-09-27
shadcn-ui--tooltip,shadcn-ui,Tooltip,overlay,tooltip|hint|hover label|info tip,react|next,Short label shown on hover or keyboard focus of an element.,npx shadcn@latest add tooltip,"import { Tooltip, TooltipContent, TooltipTrigger } from ""@/components/ui/tooltip""",<Tooltip><TooltipTrigger>Hover</TooltipTrigger><TooltipContent>Add to library</TooltipContent></Tooltip>,Wrap the app in TooltipProvider (also exported from @/components/ui/tooltip). Opens on focus too; not for interactive content.,https://ui.shadcn.com/docs/components/radix/tooltip,2026-09-27
shadcn-ui--slider,shadcn-ui,Slider,form,slider|range|range slider|volume|price range,react|next,Input for selecting a value or range by dragging a thumb.,npx shadcn@latest add slider,"import { Slider } from ""@/components/ui/slider""",<Slider defaultValue={[50]} max={100} step={1} />,role=slider with arrow/Page/Home/End keys; give it an aria-label or visible label.,https://ui.shadcn.com/docs/components/radix/slider,2026-09-27
shadcn-ui--skeleton,shadcn-ui,Skeleton,feedback,skeleton|loading placeholder|shimmer|loading state,react|next,Placeholder shape shown while content loads.,npx shadcn@latest add skeleton,"import { Skeleton } from ""@/components/ui/skeleton""","<Skeleton className=""h-4 w-[250px]"" />",Mark the loading region aria-busy=true; skeletons themselves are decorative.,https://ui.shadcn.com/docs/components/radix/skeleton,2026-09-27
radix-ui--accordion,radix-ui,Accordion,data-display,accordion|collapse|faq|headless accordion|unstyled,react|next,Unstyled accessible accordion primitive.,npm install radix-ui@latest,"import { Accordion } from ""radix-ui"";","<Accordion.Root type=""single"" collapsible><Accordion.Item value=""a""><Accordion.Header><Accordion.Trigger>Q</Accordion.Trigger></Accordion.Header><Accordion.Content>A</Accordion.Content></Accordion.Item></Accordion.Root>",Follows WAI-ARIA accordion pattern; arrow keys move between triggers.,https://www.radix-ui.com/primitives/docs/components/accordion,2026-09-27
radix-ui--dialog,radix-ui,Dialog,overlay,modal|dialog|headless modal|unstyled dialog|popup,react|next,Unstyled accessible modal dialog primitive.,npm install radix-ui@latest,"import { Dialog } from ""radix-ui"";",<Dialog.Root><Dialog.Trigger>Open</Dialog.Trigger><Dialog.Portal><Dialog.Overlay /><Dialog.Content><Dialog.Title>Title</Dialog.Title><Dialog.Close>Close</Dialog.Close></Dialog.Content></Dialog.Portal></Dialog.Root>,"Focus trap, scroll lock, Escape to close; Dialog.Title required (wrap in VisuallyHidden if not shown).",https://www.radix-ui.com/primitives/docs/components/dialog,2026-09-27
radix-ui--dropdown-menu,radix-ui,Dropdown Menu,overlay,dropdown|menu|headless menu|actions menu,react|next,"Unstyled accessible dropdown menu primitive with submenus, checkbox and radio items.",npm install radix-ui@latest,"import { DropdownMenu } from ""radix-ui"";",<DropdownMenu.Root><DropdownMenu.Trigger>Open</DropdownMenu.Trigger><DropdownMenu.Portal><DropdownMenu.Content><DropdownMenu.Item>Edit</DropdownMenu.Item></DropdownMenu.Content></DropdownMenu.Portal></DropdownMenu.Root>,WAI-ARIA menu button pattern with typeahead.,https://www.radix-ui.com/primitives/docs/components/dropdown-menu,2026-09-27
radix-ui--navigation-menu,radix-ui,Navigation Menu,navigation,navbar|mega menu|site navigation|headless nav,react|next,Unstyled site navigation primitive with animated content viewport (mega menus).,npm install radix-ui@latest,"import { NavigationMenu } from ""radix-ui"";",<NavigationMenu.Root><NavigationMenu.List><NavigationMenu.Item><NavigationMenu.Trigger>Learn</NavigationMenu.Trigger><NavigationMenu.Content>...</NavigationMenu.Content></NavigationMenu.Item></NavigationMenu.List><NavigationMenu.Viewport /></NavigationMenu.Root>,"Uses nav + disclosure semantics, not role=menu; Tab and arrow keys supported.",https://www.radix-ui.com/primitives/docs/components/navigation-menu,2026-09-27
radix-ui--popover,radix-ui,Popover,overlay,popover|floating panel|headless popover|flyout,react|next,Unstyled popover primitive anchored to a trigger.,npm install radix-ui@latest,"import { Popover } from ""radix-ui"";",<Popover.Root><Popover.Trigger>More</Popover.Trigger><Popover.Portal><Popover.Content>...<Popover.Arrow /></Popover.Content></Popover.Portal></Popover.Root>,Non-modal by default; Escape closes and returns focus to trigger.,https://www.radix-ui.com/primitives/docs/components/popover,2026-09-27
radix-ui--select,radix-ui,Select,form,select|dropdown select|headless select|listbox,react|next,Unstyled accessible select primitive.,npm install radix-ui@latest,"import { Select } from ""radix-ui"";","<Select.Root><Select.Trigger><Select.Value placeholder=""Pick"" /></Select.Trigger><Select.Portal><Select.Content><Select.Viewport><Select.Item value=""a""><Select.ItemText>A</Select.ItemText></Select.Item></Select.Viewport></Select.Content></Select.Portal></Select.Root>",Listbox pattern with typeahead; label the trigger.,https://www.radix-ui.com/primitives/docs/components/select,2026-09-27
radix-ui--slider,radix-ui,Slider,form,slider|range|headless slider,react|next,Unstyled range/slider primitive supporting multiple thumbs.,npm install radix-ui@latest,"import { Slider } from ""radix-ui"";","<Slider.Root defaultValue={[50]}><Slider.Track><Slider.Range /></Slider.Track><Slider.Thumb aria-label=""Volume"" /></Slider.Root>",role=slider per thumb; give each thumb an aria-label.,https://www.radix-ui.com/primitives/docs/components/slider,2026-09-27
radix-ui--tabs,radix-ui,Tabs,navigation,tabs|headless tabs|tab panel,react|next,Unstyled accessible tabs primitive.,npm install radix-ui@latest,"import { Tabs } from ""radix-ui"";","<Tabs.Root defaultValue=""a""><Tabs.List><Tabs.Trigger value=""a"">A</Tabs.Trigger></Tabs.List><Tabs.Content value=""a"">...</Tabs.Content></Tabs.Root>",WAI-ARIA tabs pattern with automatic or manual activation.,https://www.radix-ui.com/primitives/docs/components/tabs,2026-09-27
radix-ui--toast,radix-ui,Toast,feedback,toast|notification|snackbar|headless toast,react|next,Unstyled toast primitive with swipe-to-dismiss and a viewport.,npm install radix-ui@latest,"import { Toast } from ""radix-ui"";",<Toast.Provider><Toast.Root open={open} onOpenChange={setOpen}><Toast.Title>Saved</Toast.Title></Toast.Root><Toast.Viewport /></Toast.Provider>,Viewport is a labelled region with F8 hotkey; toasts pause on hover/focus.,https://www.radix-ui.com/primitives/docs/components/toast,2026-09-27
radix-ui--tooltip,radix-ui,Tooltip,overlay,tooltip|hint|headless tooltip,react|next,Unstyled tooltip primitive.,npm install radix-ui@latest,"import { Tooltip } from ""radix-ui"";",<Tooltip.Provider><Tooltip.Root><Tooltip.Trigger>?</Tooltip.Trigger><Tooltip.Portal><Tooltip.Content>Help<Tooltip.Arrow /></Tooltip.Content></Tooltip.Portal></Tooltip.Root></Tooltip.Provider>,Opens on hover and focus; Escape closes.,https://www.radix-ui.com/primitives/docs/components/tooltip,2026-09-27
base-ui--accordion,base-ui,Accordion,data-display,accordion|collapse|faq|headless accordion,react|next,Unstyled accordion with header/trigger/panel parts.,npm install @base-ui/react,import { Accordion } from '@base-ui/react/accordion';,<Accordion.Root><Accordion.Item><Accordion.Header><Accordion.Trigger>Q</Accordion.Trigger></Accordion.Header><Accordion.Panel>A</Accordion.Panel></Accordion.Item></Accordion.Root>,WAI-ARIA accordion; arrow keys between triggers.,https://base-ui.com/react/components/accordion,2026-09-27
base-ui--combobox,base-ui,Combobox,form,combobox|autocomplete|searchable select|multi select|chips|typeahead,react|next,Unstyled filterable combobox with single/multiple selection and chips.,npm install @base-ui/react,import { Combobox } from '@base-ui/react/combobox';,<Combobox.Root items={items}><Combobox.Input /><Combobox.Portal><Combobox.Positioner><Combobox.Popup><Combobox.Empty>None</Combobox.Empty><Combobox.List>{(item) => <Combobox.Item key={item} value={item}>{item}</Combobox.Item>}</Combobox.List></Combobox.Popup></Combobox.Positioner></Combobox.Portal></Combobox.Root>,role=combobox + listbox; includes Status part for announcing result counts.,https://base-ui.com/react/components/combobox,2026-09-27
base-ui--dialog,base-ui,Dialog,overlay,modal|dialog|popup|headless modal,react|next,"Unstyled modal dialog with backdrop, viewport and popup parts.",npm install @base-ui/react,import { Dialog } from '@base-ui/react/dialog';,<Dialog.Root><Dialog.Trigger>Open</Dialog.Trigger><Dialog.Portal><Dialog.Backdrop /><Dialog.Popup><Dialog.Title>Title</Dialog.Title><Dialog.Description>Text</Dialog.Description><Dialog.Close>Close</Dialog.Close></Dialog.Popup></Dialog.Portal></Dialog.Root>,Focus trap and return; Escape closes; Title/Description wire aria-labelledby/aria-describedby.,https://base-ui.com/react/components/dialog,2026-09-27
base-ui--drawer,base-ui,Drawer,overlay,drawer|bottom sheet|swipe|side panel|mobile sheet|vaul alternative,react|next,"Unstyled swipeable drawer with swipe area, snap behavior and background indent effect.",npm install @base-ui/react,import { Drawer } from '@base-ui/react/drawer';,<Drawer.Root><Drawer.Trigger>Open</Drawer.Trigger><Drawer.Portal><Drawer.Backdrop /><Drawer.Viewport><Drawer.Popup><Drawer.Content><Drawer.Title>Title</Drawer.Title><Drawer.Close>Close</Drawer.Close></Drawer.Content></Drawer.Popup></Drawer.Viewport></Drawer.Portal></Drawer.Root>,Dialog semantics; keep a visible close control for non-touch users.,https://base-ui.com/react/components/drawer,2026-09-27
base-ui--menu,base-ui,Menu,overlay,dropdown|menu|actions menu|submenu|headless menu,react|next,"Unstyled dropdown menu with submenus, groups, radio and checkbox items.",npm install @base-ui/react,import { Menu } from '@base-ui/react/menu';,<Menu.Root><Menu.Trigger>Open</Menu.Trigger><Menu.Portal><Menu.Positioner><Menu.Popup><Menu.Item>Edit</Menu.Item></Menu.Popup></Menu.Positioner></Menu.Portal></Menu.Root>,WAI-ARIA menu pattern with typeahead; Menu.LinkItem for navigation links.,https://base-ui.com/react/components/menu,2026-09-27
base-ui--navigation-menu,base-ui,Navigation Menu,navigation,navbar|mega menu|site navigation|header nav,react|next,Unstyled site navigation with animated popup/viewport for mega menus.,npm install @base-ui/react,import { NavigationMenu } from '@base-ui/react/navigation-menu';,"<NavigationMenu.Root><NavigationMenu.List><NavigationMenu.Item><NavigationMenu.Trigger>Product</NavigationMenu.Trigger><NavigationMenu.Content><NavigationMenu.Link href=""/a"">A</NavigationMenu.Link></NavigationMenu.Content></NavigationMenu.Item></NavigationMenu.List><NavigationMenu.Portal><NavigationMenu.Positioner><NavigationMenu.Popup><NavigationMenu.Viewport /></NavigationMenu.Popup></NavigationMenu.Positioner></NavigationMenu.Portal></NavigationMenu.Root>",Disclosure-style navigation (not role=menu); keyboard accessible.,https://base-ui.com/react/components/navigation-menu,2026-09-27
base-ui--popover,base-ui,Popover,overlay,popover|floating panel|flyout|headless popover,react|next,"Unstyled popover with positioner, arrow, title and description parts.",npm install @base-ui/react,import { Popover } from '@base-ui/react/popover';,<Popover.Root><Popover.Trigger>Open</Popover.Trigger><Popover.Portal><Popover.Positioner><Popover.Popup><Popover.Title>Title</Popover.Title></Popover.Popup></Popover.Positioner></Popover.Portal></Popover.Root>,Escape and outside click close; focus returns to trigger.,https://base-ui.com/react/components/popover,2026-09-27
base-ui--select,base-ui,Select,form,select|dropdown select|listbox|picker,react|next,"Unstyled select with list, groups and item indicators.",npm install @base-ui/react,import { Select } from '@base-ui/react/select';,<Select.Root items={items}><Select.Trigger><Select.Value /><Select.Icon /></Select.Trigger><Select.Portal><Select.Positioner><Select.Popup><Select.List>...</Select.List></Select.Popup></Select.Positioner></Select.Portal></Select.Root>,Listbox pattern with typeahead; use Select.Label or an external label.,https://base-ui.com/react/components/select,2026-09-27
base-ui--tabs,base-ui,Tabs,navigation,tabs|tab panel|animated tab indicator|segmented,react|next,Unstyled tabs with an Indicator part for animated active-tab underline.,npm install @base-ui/react,import { Tabs } from '@base-ui/react/tabs';,"<Tabs.Root defaultValue=""a""><Tabs.List><Tabs.Tab value=""a"">A</Tabs.Tab><Tabs.Indicator /></Tabs.List><Tabs.Panel value=""a"">...</Tabs.Panel></Tabs.Root>",WAI-ARIA tabs pattern.,https://base-ui.com/react/components/tabs,2026-09-27
base-ui--toast,base-ui,Toast,feedback,toast|notification|snackbar|stacked toasts,react|next,"Unstyled toast system with provider, viewport and stacked or anchored toasts.",npm install @base-ui/react,import { Toast } from '@base-ui/react/toast';,<Toast.Provider><Toast.Portal><Toast.Viewport>{/* map toasts to <Toast.Root> */}</Toast.Viewport></Toast.Portal></Toast.Provider>,Viewport is a live region; toasts pause on hover/focus.,https://base-ui.com/react/components/toast,2026-09-27
base-ui--tooltip,base-ui,Tooltip,overlay,tooltip|hint|hover label,react|next,Unstyled tooltip with provider for shared delay.,npm install @base-ui/react,import { Tooltip } from '@base-ui/react/tooltip';,<Tooltip.Provider><Tooltip.Root><Tooltip.Trigger>?</Tooltip.Trigger><Tooltip.Portal><Tooltip.Positioner><Tooltip.Popup>Help</Tooltip.Popup></Tooltip.Positioner></Tooltip.Portal></Tooltip.Root></Tooltip.Provider>,Opens on hover and focus; not for interactive content.,https://base-ui.com/react/components/tooltip,2026-09-27
react-aria-components--modal,react-aria-components,Modal / Dialog,overlay,modal|dialog|popup|overlay|accessible modal,react|next,"Unstyled accessible modal overlay containing a Dialog, opened by DialogTrigger.",npm install react-aria-components,"import {DialogTrigger, Modal, ModalOverlay, Dialog, Heading, Button} from 'react-aria-components/Modal';","<DialogTrigger><Button>Open</Button><ModalOverlay><Modal><Dialog><Heading slot=""title"">Title</Heading><Button slot=""close"">Close</Button></Dialog></Modal></ModalOverlay></DialogTrigger>","Focus containment, Escape to dismiss, scroll lock, mobile screen-reader support.",https://react-aria.adobe.com/Modal,2026-09-27
react-aria-components--tabs,react-aria-components,Tabs,navigation,tabs|tab panel|animated tab indicator,react|next,Unstyled accessible tabs with a SelectionIndicator for animated active state.,npm install react-aria-components,"import {Tabs, TabList, Tab, TabPanels, TabPanel, SelectionIndicator} from 'react-aria-components/Tabs';","<Tabs><TabList aria-label=""Sections""><Tab id=""a"">A<SelectionIndicator /></Tab></TabList><TabPanels><TabPanel id=""a"">...</TabPanel></TabPanels></Tabs>","Give TabList an aria-label; arrow-key navigation, RTL aware.",https://react-aria.adobe.com/Tabs,2026-09-27
react-aria-components--menu,react-aria-components,Menu,overlay,dropdown|menu|actions menu|submenu|context menu,react|next,"Unstyled accessible menu with triggers, sections and submenus.",npm install react-aria-components,"import {MenuTrigger, Menu, MenuItem, MenuSection, SubmenuTrigger, Separator, Popover} from 'react-aria-components/Menu'; import {Button} from 'react-aria-components/Button';",<MenuTrigger><Button>Actions</Button><Popover><Menu><MenuItem>Edit</MenuItem></Menu></Popover></MenuTrigger>,"WAI-ARIA menu with typeahead, touch and long-press support.",https://react-aria.adobe.com/Menu,2026-09-27
react-aria-components--combobox,react-aria-components,ComboBox,form,combobox|autocomplete|typeahead|searchable select,react|next,Unstyled accessible combobox with filtering and async loading support.,npm install react-aria-components,"import {ComboBox, Input, Button, Label, Popover, ListBox, ListBoxItem} from 'react-aria-components/ComboBox';",<ComboBox><Label>Animal</Label><Input /><Button>v</Button><Popover><ListBox><ListBoxItem>Cat</ListBoxItem></ListBox></Popover></ComboBox>,Announces option counts and selection; works with virtual keyboards on mobile.,https://react-aria.adobe.com/ComboBox,2026-09-27
react-aria-components--select,react-aria-components,Select,form,select|dropdown select|picker|listbox,react|next,Unstyled accessible select with a hidden native select for forms/autofill.,npm install react-aria-components,"import {Select, SelectValue, Label, Button, Popover, ListBox, ListBoxItem} from 'react-aria-components/Select';",<Select><Label>Favorite</Label><Button><SelectValue /></Button><Popover><ListBox><ListBoxItem>Cat</ListBoxItem></ListBox></Popover></Select>,"Typeahead, keyboard and screen-reader support; participates in HTML forms.",https://react-aria.adobe.com/Select,2026-09-27
react-aria-components--date-picker,react-aria-components,DatePicker,form,date picker|datepicker|date input|calendar|date field,react|next,"Unstyled accessible date picker combining segmented date input with a popover calendar, localized.",npm install react-aria-components,"import {DatePicker, Label, Group, DateInput, DateSegment, Button, Popover, Calendar, CalendarGrid, CalendarCell} from 'react-aria-components/DatePicker';",<DatePicker><Label>Date</Label><Group><DateInput>{(s) => <DateSegment segment={s} />}</DateInput><Button>v</Button></Group><Popover><Calendar><CalendarGrid>{(d) => <CalendarCell date={d} />}</CalendarGrid></Calendar></Popover></DatePicker>,Each date segment is keyboard-editable; supports many calendars/locales via @internationalized/date.,https://react-aria.adobe.com/DatePicker,2026-09-27
react-aria-components--tooltip,react-aria-components,Tooltip,overlay,tooltip|hint|hover label,react|next,Unstyled accessible tooltip with delay handling and arrow.,npm install react-aria-components,"import {TooltipTrigger, Tooltip, OverlayArrow} from 'react-aria-components/Tooltip';",<TooltipTrigger><Button>Edit</Button><Tooltip>Edit item</Tooltip></TooltipTrigger>,"Shown on hover and focus, not on touch; not for essential info.",https://react-aria.adobe.com/Tooltip,2026-09-27
react-aria-components--popover,react-aria-components,Popover,overlay,popover|floating panel|flyout,react|next,"Unstyled popover positioned relative to a trigger, usually wrapping a Dialog.",npm install react-aria-components,"import {DialogTrigger, Popover, Dialog, OverlayArrow} from 'react-aria-components/Popover';",<DialogTrigger><Button>Info</Button><Popover><Dialog>Content</Dialog></Popover></DialogTrigger>,Escape and outside interaction dismiss; focus managed.,https://react-aria.adobe.com/Popover,2026-09-27
react-aria-components--disclosure-group,react-aria-components,Disclosure / Accordion,data-display,accordion|disclosure|collapse|faq|expand,react|next,Unstyled disclosure (collapsible section); group several in DisclosureGroup for an accordion.,npm install react-aria-components,"import {DisclosureGroup, Disclosure, DisclosurePanel, Heading, Button} from 'react-aria-components/DisclosureGroup';","<DisclosureGroup><Disclosure id=""a""><Heading><Button slot=""trigger"">Q</Button></Heading><DisclosurePanel>A</DisclosurePanel></Disclosure></DisclosureGroup>",Uses hidden=until-found so browser find-in-page reveals content.,https://react-aria.adobe.com/DisclosureGroup,2026-09-27
react-aria-components--table,react-aria-components,Table,data-display,table|data table|datagrid|sortable table|resizable columns|row selection,react|next,"Unstyled accessible table with sorting, selection, column resizing and drag-and-drop.",npm install react-aria-components,"import {Table, TableHeader, Column, TableBody, Row, Cell, ResizableTableContainer, ColumnResizer} from 'react-aria-components/Table';","<Table aria-label=""Files""><TableHeader><Column isRowHeader>Name</Column></TableHeader><TableBody><Row><Cell>a.txt</Cell></Row></TableBody></Table>",Grid keyboard navigation; give the table an aria-label.,https://react-aria.adobe.com/Table,2026-09-27
headless-ui--dialog,headless-ui,Dialog,overlay,modal|dialog|popup|tailwind modal,react|next,Unstyled accessible modal dialog for Tailwind projects with built-in transitions.,npm install @headlessui/react,"import { Dialog, DialogBackdrop, DialogPanel, DialogTitle, Description } from '@headlessui/react'",<Dialog open={isOpen} onClose={() => setIsOpen(false)}><DialogBackdrop /><DialogPanel><DialogTitle>Title</DialogTitle></DialogPanel></Dialog>,"Focus trap, Escape closes, outside click closes; add the transition prop for enter/leave.",https://headlessui.com/react/dialog,2026-09-27
headless-ui--menu,headless-ui,Menu,overlay,dropdown|menu|dropdown menu|actions menu,react|next,Unstyled accessible dropdown menu.,npm install @headlessui/react,"import { Menu, MenuButton, MenuItem, MenuItems } from '@headlessui/react'","<Menu><MenuButton>Options</MenuButton><MenuItems anchor=""bottom""><MenuItem><a href=""/settings"">Settings</a></MenuItem></MenuItems></Menu>",WAI-ARIA menu button with typeahead; data-focus on active item.,https://headlessui.com/react/menu,2026-09-27
headless-ui--popover,headless-ui,Popover,overlay,popover|flyout menu|mega menu|floating panel,react|next,Unstyled popover often used for flyout navigation menus.,npm install @headlessui/react,"import { Popover, PopoverButton, PopoverPanel } from '@headlessui/react'","<Popover><PopoverButton>Solutions</PopoverButton><PopoverPanel anchor=""bottom"">...</PopoverPanel></Popover>",Closes on Escape/outside click; PopoverGroup keeps Tab flow between sibling popovers.,https://headlessui.com/react/popover,2026-09-27
headless-ui--tabs,headless-ui,Tabs,navigation,tabs|tab panel|segmented,react|next,Unstyled accessible tabs.,npm install @headlessui/react,"import { Tab, TabGroup, TabList, TabPanel, TabPanels } from '@headlessui/react'",<TabGroup><TabList><Tab>A</Tab><Tab>B</Tab></TabList><TabPanels><TabPanel>1</TabPanel><TabPanel>2</TabPanel></TabPanels></TabGroup>,WAI-ARIA tabs; arrow keys switch tabs.,https://headlessui.com/react/tabs,2026-09-27
headless-ui--disclosure,headless-ui,Disclosure,data-display,disclosure|accordion|collapse|faq|show more,react|next,Unstyled show/hide section (build accordions/FAQs from several).,npm install @headlessui/react,"import { Disclosure, DisclosureButton, DisclosurePanel } from '@headlessui/react'",<Disclosure><DisclosureButton>Question</DisclosureButton><DisclosurePanel>Answer</DisclosurePanel></Disclosure>,aria-expanded/aria-controls managed.,https://headlessui.com/react/disclosure,2026-09-27
headless-ui--combobox,headless-ui,Combobox,form,combobox|autocomplete|searchable select|typeahead,react|next,Unstyled accessible combobox/autocomplete.,npm install @headlessui/react,"import { Combobox, ComboboxButton, ComboboxInput, ComboboxOption, ComboboxOptions } from '@headlessui/react'","<Combobox value={v} onChange={setV}><ComboboxInput onChange={(e) => setQuery(e.target.value)} /><ComboboxOptions anchor=""bottom"">{filtered.map((p) => <ComboboxOption key={p.id} value={p}>{p.name}</ComboboxOption>)}</ComboboxOptions></Combobox>",You filter the options yourself; wrap in Field + Label for a label.,https://headlessui.com/react/combobox,2026-09-27
headless-ui--listbox,headless-ui,Listbox (Select),form,select|listbox|dropdown select|custom select,react|next,Unstyled custom select (listbox).,npm install @headlessui/react,"import { Listbox, ListboxButton, ListboxOption, ListboxOptions } from '@headlessui/react'","<Listbox value={v} onChange={setV}><ListboxButton>{v.name}</ListboxButton><ListboxOptions anchor=""bottom"">{people.map((p) => <ListboxOption key={p.id} value={p}>{p.name}</ListboxOption>)}</ListboxOptions></Listbox>",Typeahead supported; wrap in Field + Label.,https://headlessui.com/react/listbox,2026-09-27
mantine--accordion,mantine,Accordion,data-display,accordion|collapse|faq,react|next,Styled accordion with chevron and variants.,npm install @mantine/core @mantine/hooks,import { Accordion } from '@mantine/core';,"<Accordion defaultValue=""a""><Accordion.Item value=""a""><Accordion.Control>Q</Accordion.Control><Accordion.Panel>A</Accordion.Panel></Accordion.Item></Accordion>",Arrow-key navigation between controls.,https://mantine.dev/core/accordion/,2026-09-27
mantine--drawer,mantine,Drawer,overlay,drawer|side panel|sheet|off canvas|slide over,react|next,Styled drawer sliding from any edge.,npm install @mantine/core @mantine/hooks,import { Drawer } from '@mantine/core';,"<Drawer opened={opened} onClose={close} title=""Menu"">...</Drawer>","Focus trap, Escape closes, title labels the dialog.",https://mantine.dev/core/drawer/,2026-09-27
mantine--marquee,mantine,Marquee,marketing,marquee|logo wall|infinite scroll|ticker|logo carousel,react|next,Infinite horizontal/vertical scrolling marquee for logos or testimonials.,npm install @mantine/core @mantine/hooks,import { Marquee } from '@mantine/core';,<Marquee>{logos}</Marquee>,Decorative motion: provide pause on hover and respect reduced motion.,https://mantine.dev/core/marquee/,2026-09-27
mantine--menu,mantine,Menu,overlay,dropdown|menu|actions menu|context menu,react|next,Styled dropdown menu with sections and shortcuts.,npm install @mantine/core @mantine/hooks,import { Menu } from '@mantine/core';,<Menu><Menu.Target><Button>Open</Button></Menu.Target><Menu.Dropdown><Menu.Item>Settings</Menu.Item></Menu.Dropdown></Menu>,Menu pattern with arrow keys; trigger gets aria-haspopup.,https://mantine.dev/core/menu/,2026-09-27
mantine--modal,mantine,Modal,overlay,modal|dialog|popup|lightbox,react|next,Styled modal dialog with transitions and sizes.,npm install @mantine/core @mantine/hooks,import { Modal } from '@mantine/core';,"<Modal opened={opened} onClose={close} title=""Authentication"">...</Modal>","Focus trap, Escape closes; pass title for an accessible name.",https://mantine.dev/core/modal/,2026-09-27
mantine--popover,mantine,Popover,overlay,popover|floating panel|flyout,react|next,Styled popover anchored to a target.,npm install @mantine/core @mantine/hooks,import { Popover } from '@mantine/core';,<Popover><Popover.Target><Button>Toggle</Button></Popover.Target><Popover.Dropdown>Content</Popover.Dropdown></Popover>,Escape and outside click close.,https://mantine.dev/core/popover/,2026-09-27
mantine--select,mantine,Select,form,select|searchable select|combobox|dropdown select,react|next,Styled select with optional search (built on Combobox).,npm install @mantine/core @mantine/hooks,import { Select } from '@mantine/core';,"<Select label=""Framework"" data={['React', 'Vue']} searchable />",label prop renders an associated label.,https://mantine.dev/core/select/,2026-09-27
mantine--tabs,mantine,Tabs,navigation,tabs|tab panel|segmented,react|next,Styled tabs with variants and orientation.,npm install @mantine/core @mantine/hooks,import { Tabs } from '@mantine/core';,"<Tabs defaultValue=""a""><Tabs.List><Tabs.Tab value=""a"">A</Tabs.Tab></Tabs.List><Tabs.Panel value=""a"">...</Tabs.Panel></Tabs>",WAI-ARIA tabs pattern.,https://mantine.dev/core/tabs/,2026-09-27
mantine--tooltip,mantine,Tooltip,overlay,tooltip|hint,react|next,Styled tooltip with floating positioning.,npm install @mantine/core @mantine/hooks,import { Tooltip } from '@mantine/core';,"<Tooltip label=""Tooltip""><Button>Hover</Button></Tooltip>",Shows on hover and focus.,https://mantine.dev/core/tooltip/,2026-09-27
mantine--date-picker-input,mantine,DatePickerInput,form,date picker|datepicker|date input|calendar|date range,react|next,Styled date picker input with dropdown calendar and range mode (@mantine/dates).,npm install @mantine/dates dayjs,import { DatePickerInput } from '@mantine/dates'; import '@mantine/dates/styles.css';,"<DatePickerInput label=""Pick date"" value={value} onChange={setValue} />",Calendar is keyboard navigable; label prop required for accessibility.,https://mantine.dev/dates/date-picker-input/,2026-09-27
mantine--carousel,mantine,Carousel,media,carousel|slider|slideshow|gallery|embla,react|next,Styled carousel built on Embla (@mantine/carousel).,npm install embla-carousel@^8.5.2 embla-carousel-react@^8.5.2 @mantine/carousel,import { Carousel } from '@mantine/carousel'; import '@mantine/carousel/styles.css';,<Carousel withIndicators><Carousel.Slide>1</Carousel.Slide><Carousel.Slide>2</Carousel.Slide></Carousel>,Controls are labelled buttons; pause any autoplay on hover/focus.,https://mantine.dev/x/carousel/,2026-09-27
mantine--notifications,mantine,Notifications,feedback,toast|notification|snackbar|alert,react|next,Toast-style notifications system (@mantine/notifications).,npm install @mantine/notifications,import { Notifications } from '@mantine/notifications'; import { notifications } from '@mantine/notifications'; import '@mantine/notifications/styles.css';,"<Notifications /> inside MantineProvider, then notifications.show({ title: 'Saved', message: 'Done' })",Import notifications styles after core styles or toasts render unstyled.,https://mantine.dev/x/notifications/,2026-09-27
mantine--spotlight,mantine,Spotlight,navigation,command palette|cmd k|spotlight search|command menu|launcher,react|next,Command palette / Cmd+K search overlay (@mantine/spotlight).,npm install @mantine/spotlight,"import { Spotlight, SpotlightActionData, spotlight } from '@mantine/spotlight'; import '@mantine/spotlight/styles.css';","<Spotlight actions={actions} nothingFound=""Nothing found..."" highlightQuery /> then spotlight.open()",Default shortcut Ctrl/Cmd+K; results are keyboard navigable.,https://mantine.dev/x/spotlight/,2026-09-27
heroui--accordion,heroui,Accordion,data-display,accordion|collapse|faq,react|next,Styled animated accordion (React Aria based).,npm i @heroui/styles @heroui/react,"import {Accordion} from ""@heroui/react"";",,Keyboard navigable via React Aria disclosure.,https://heroui.com/docs/react/components/accordion,2026-09-27
heroui--combo-box,heroui,ComboBox,form,combobox|autocomplete|searchable select|typeahead,react|next,Styled combobox with input and listbox.,npm i @heroui/styles @heroui/react,"import {ComboBox, Input, Label, ListBox} from ""@heroui/react"";",,React Aria combobox semantics.,https://heroui.com/docs/react/components/combo-box,2026-09-27
heroui--date-picker,heroui,DatePicker,form,date picker|datepicker|calendar|date input,react|next,Styled date picker with segmented date field and calendar popover.,npm i @heroui/styles @heroui/react,"import {Calendar, DateField, DatePicker, Label} from ""@heroui/react"";",,Segments are keyboard editable; localized via React Aria.,https://heroui.com/docs/react/components/date-picker,2026-09-27
heroui--drawer,heroui,Drawer,overlay,drawer|side panel|sheet|bottom sheet|off canvas,react|next,Styled animated drawer from any edge.,npm i @heroui/styles @heroui/react,"import { Drawer, Button } from ""@heroui/react"";",,Dialog semantics with focus management.,https://heroui.com/docs/react/components/drawer,2026-09-27
heroui--dropdown,heroui,Dropdown,overlay,dropdown|menu|actions menu,react|next,"Styled dropdown menu with sections, shortcuts and icons.",npm i @heroui/styles @heroui/react,"import {Button, Dropdown, Label} from ""@heroui/react"";",,React Aria menu with typeahead.,https://heroui.com/docs/react/components/dropdown,2026-09-27
heroui--modal,heroui,Modal,overlay,modal|dialog|popup,react|next,Styled animated modal with backdrop variants.,npm i @heroui/styles @heroui/react,"import {Button, Modal} from ""@heroui/react"";",<Modal><Button>Open</Button><Modal.Backdrop><Modal.Container><Modal.Dialog><Modal.CloseTrigger /><Modal.Header><Modal.Heading>Title</Modal.Heading></Modal.Header></Modal.Dialog></Modal.Container></Modal.Backdrop></Modal>,"Focus trap, Escape closes, Modal.Heading labels the dialog.",https://heroui.com/docs/react/components/modal,2026-09-27
heroui--popover,heroui,Popover,overlay,popover|floating panel|flyout,react|next,Styled animated popover.,npm i @heroui/styles @heroui/react,"import {Button, Popover} from ""@heroui/react"";",,Escape/outside click close.,https://heroui.com/docs/react/components/popover,2026-09-27
heroui--select,heroui,Select,form,select|dropdown select|listbox|picker,react|next,Styled select with listbox popover.,npm i @heroui/styles @heroui/react,"import {Label, ListBox, Select} from ""@heroui/react"";",,React Aria select with hidden native select.,https://heroui.com/docs/react/components/select,2026-09-27
heroui--table,heroui,Table,data-display,table|data table|datagrid|sortable,react|next,Styled table with sorting and selection.,npm i @heroui/styles @heroui/react,"import {Table} from ""@heroui/react"";",,Grid keyboard navigation; provide aria-label.,https://heroui.com/docs/react/components/table,2026-09-27
heroui--tabs,heroui,Tabs,navigation,tabs|animated tabs|segmented,react|next,Styled tabs with animated indicator.,npm i @heroui/styles @heroui/react,"import {Tabs} from ""@heroui/react"";",,WAI-ARIA tabs.,https://heroui.com/docs/react/components/tabs,2026-09-27
heroui--toast,heroui,Toast,feedback,toast|notification|snackbar,react|next,Styled toast notifications with a toast() function.,npm i @heroui/styles @heroui/react,"import {Button, toast} from ""@heroui/react"";","Render <Toast.Provider /> once, then toast(""Saved"")",Toast region is a live region; do not rely on toasts for critical info.,https://heroui.com/docs/react/components/toast,2026-09-27
heroui--tooltip,heroui,Tooltip,overlay,tooltip|hint,react|next,Styled tooltip with arrow.,npm i @heroui/styles @heroui/react,"import {Button, Tooltip} from ""@heroui/react"";",,Shows on hover and focus.,https://heroui.com/docs/react/components/tooltip,2026-09-27
chakra-ui--accordion,chakra-ui,Accordion,data-display,accordion|collapse|faq,react|next,Styled accordion (v3 compound parts).,npm i @chakra-ui/react @emotion/react,"import { Accordion } from ""@chakra-ui/react""","<Accordion.Root collapsible><Accordion.Item value=""a""><Accordion.ItemTrigger>Q<Accordion.ItemIndicator /></Accordion.ItemTrigger><Accordion.ItemContent><Accordion.ItemBody>A</Accordion.ItemBody></Accordion.ItemContent></Accordion.Item></Accordion.Root>",Arrow-key navigation between triggers.,https://chakra-ui.com/docs/components/accordion,2026-09-27
chakra-ui--carousel,chakra-ui,Carousel,media,carousel|slider|slideshow|gallery|autoplay,react|next,"Styled carousel with indicators, autoplay and controls.",npm i @chakra-ui/react @emotion/react,"import { Carousel } from ""@chakra-ui/react""",<Carousel.Root slideCount={3}><Carousel.ItemGroup><Carousel.Item index={0}>1</Carousel.Item></Carousel.ItemGroup><Carousel.Control><Carousel.PrevTrigger /><Carousel.Indicators /><Carousel.NextTrigger /></Carousel.Control></Carousel.Root>,Autoplay has a pause trigger; slides are labelled.,https://chakra-ui.com/docs/components/carousel,2026-09-27
chakra-ui--combobox,chakra-ui,Combobox,form,combobox|autocomplete|searchable select|typeahead,react|next,"Styled combobox with filtering helpers (useFilter, useListCollection).",npm i @chakra-ui/react @emotion/react,"import { Combobox } from ""@chakra-ui/react""",,role=combobox + listbox.,https://chakra-ui.com/docs/components/combobox,2026-09-27
chakra-ui--date-picker,chakra-ui,Date Picker,form,date picker|datepicker|calendar|date range,react|next,Styled date picker with day/month/year views.,npm i @chakra-ui/react @emotion/react,"import { DatePicker } from ""@chakra-ui/react""",,Keyboard navigable calendar grid.,https://chakra-ui.com/docs/components/date-picker,2026-09-27
chakra-ui--dialog,chakra-ui,Dialog,overlay,modal|dialog|popup,react|next,Styled modal dialog.,npm i @chakra-ui/react @emotion/react,"import { Dialog } from ""@chakra-ui/react""",<Dialog.Root><Dialog.Trigger /><Dialog.Backdrop /><Dialog.Positioner><Dialog.Content><Dialog.Header><Dialog.Title /></Dialog.Header><Dialog.Body /><Dialog.CloseTrigger /></Dialog.Content></Dialog.Positioner></Dialog.Root>,"Focus trap, Escape closes.",https://chakra-ui.com/docs/components/dialog,2026-09-27
chakra-ui--drawer,chakra-ui,Drawer,overlay,drawer|side panel|sheet|off canvas,react|next,Styled drawer from any edge.,npm i @chakra-ui/react @emotion/react,"import { Drawer } from ""@chakra-ui/react""",<Drawer.Root><Drawer.Trigger /><Drawer.Backdrop /><Drawer.Positioner><Drawer.Content><Drawer.Header><Drawer.Title /></Drawer.Header><Drawer.Body /></Drawer.Content></Drawer.Positioner></Drawer.Root>,Dialog semantics.,https://chakra-ui.com/docs/components/drawer,2026-09-27
chakra-ui--marquee,chakra-ui,Marquee,marketing,marquee|logo wall|infinite scroll|ticker|logo carousel,react|next,Styled infinite scrolling marquee.,npm i @chakra-ui/react @emotion/react,"import { Marquee } from ""@chakra-ui/react""",<Marquee.Root><Marquee.Viewport><Marquee.Content><Marquee.Item>Logo</Marquee.Item></Marquee.Content></Marquee.Viewport></Marquee.Root>,Decorative motion; pause on hover and respect reduced motion.,https://chakra-ui.com/docs/components/marquee,2026-09-27
chakra-ui--menu,chakra-ui,Menu,overlay,dropdown|menu|actions menu,react|next,Styled dropdown menu.,npm i @chakra-ui/react @emotion/react,"import { Menu } from ""@chakra-ui/react""","<Menu.Root><Menu.Trigger /><Menu.Positioner><Menu.Content><Menu.Item value=""a"">A</Menu.Item></Menu.Content></Menu.Positioner></Menu.Root>",Menu pattern with typeahead.,https://chakra-ui.com/docs/components/menu,2026-09-27
chakra-ui--popover,chakra-ui,Popover,overlay,popover|floating panel|flyout,react|next,Styled popover.,npm i @chakra-ui/react @emotion/react,"import { Popover } from ""@chakra-ui/react""",<Popover.Root><Popover.Trigger /><Popover.Positioner><Popover.Content><Popover.Body /></Popover.Content></Popover.Positioner></Popover.Root>,Escape/outside click close.,https://chakra-ui.com/docs/components/popover,2026-09-27
chakra-ui--select,chakra-ui,Select,form,select|dropdown select|listbox,react|next,Styled select driven by createListCollection.,npm i @chakra-ui/react @emotion/react,"import { Select } from ""@chakra-ui/react""",,Includes HiddenSelect for form submission.,https://chakra-ui.com/docs/components/select,2026-09-27
chakra-ui--tabs,chakra-ui,Tabs,navigation,tabs|tab panel|segmented,react|next,Styled tabs with indicator.,npm i @chakra-ui/react @emotion/react,"import { Tabs } from ""@chakra-ui/react""","<Tabs.Root defaultValue=""a""><Tabs.List><Tabs.Trigger value=""a"">A</Tabs.Trigger></Tabs.List><Tabs.Content value=""a"">...</Tabs.Content></Tabs.Root>",WAI-ARIA tabs.,https://chakra-ui.com/docs/components/tabs,2026-09-27
chakra-ui--toast,chakra-ui,Toast (Toaster),feedback,toast|notification|snackbar,react|next,Toast notifications via the toaster CLI snippet.,npx @chakra-ui/cli snippet add toaster,"import { Toaster, toaster } from ""@/components/ui/toaster""","<Toaster /> once, then toaster.create({ title: ""Saved"", type: ""success"" })",Live region announcements.,https://chakra-ui.com/docs/components/toast,2026-09-27
chakra-ui--tooltip,chakra-ui,Tooltip,overlay,tooltip|hint,react|next,Tooltip via the tooltip CLI snippet.,npx @chakra-ui/cli snippet add tooltip,"import { Tooltip } from ""@/components/ui/tooltip""","<Tooltip content=""Help""><Button>Hover</Button></Tooltip>",Shows on hover and focus.,https://chakra-ui.com/docs/components/tooltip,2026-09-27
ark-ui--dialog,ark-ui,Dialog,overlay,modal|dialog|headless modal,react|next,Headless modal dialog.,npm install @ark-ui/react,import { Dialog } from '@ark-ui/react/dialog',<Dialog.Root><Dialog.Trigger>Open</Dialog.Trigger><Portal><Dialog.Backdrop /><Dialog.Positioner><Dialog.Content><Dialog.Title>Title</Dialog.Title><Dialog.CloseTrigger>Close</Dialog.CloseTrigger></Dialog.Content></Dialog.Positioner></Portal></Dialog.Root>,"Focus trap, Escape closes; Portal from '@ark-ui/react/portal'.",https://ark-ui.com/docs/components/dialog,2026-09-27
ark-ui--carousel,ark-ui,Carousel,media,carousel|slider|slideshow|autoplay|headless carousel,react|next,Headless carousel with autoplay and indicators.,npm install @ark-ui/react,import { Carousel } from '@ark-ui/react/carousel',<Carousel.Root slideCount={3}><Carousel.Control><Carousel.PrevTrigger /><Carousel.NextTrigger /></Carousel.Control><Carousel.ItemGroup><Carousel.Item index={0}>1</Carousel.Item></Carousel.ItemGroup><Carousel.IndicatorGroup><Carousel.Indicator index={0} /></Carousel.IndicatorGroup></Carousel.Root>,Slides labelled; AutoplayTrigger provides pause control.,https://ark-ui.com/docs/components/carousel,2026-09-27
ark-ui--combobox,ark-ui,Combobox,form,combobox|autocomplete|typeahead,react|next,Headless combobox with list collections.,npm install @ark-ui/react,"import { Combobox, useListCollection } from '@ark-ui/react/combobox'",,Combobox + listbox semantics.,https://ark-ui.com/docs/components/combobox,2026-09-27
ark-ui--date-picker,ark-ui,Date Picker,form,date picker|datepicker|calendar|date range,react|next,Headless date picker with day/month/year views and ranges.,npm install @ark-ui/react,import { DatePicker } from '@ark-ui/react/date-picker',,Keyboard navigable calendar grid.,https://ark-ui.com/docs/components/date-picker,2026-09-27
ark-ui--menu,ark-ui,Menu,overlay,dropdown|menu|context menu|submenu,react|next,Headless menu with nested and context menus.,npm install @ark-ui/react,import { Menu } from '@ark-ui/react/menu',"<Menu.Root><Menu.Trigger>Open</Menu.Trigger><Menu.Positioner><Menu.Content><Menu.Item value=""a"">A</Menu.Item></Menu.Content></Menu.Positioner></Menu.Root>",Menu pattern with typeahead.,https://ark-ui.com/docs/components/menu,2026-09-27
ark-ui--tabs,ark-ui,Tabs,navigation,tabs|animated tab indicator,react|next,Headless tabs with indicator part.,npm install @ark-ui/react,import { Tabs } from '@ark-ui/react/tabs',"<Tabs.Root defaultValue=""a""><Tabs.List><Tabs.Trigger value=""a"">A</Tabs.Trigger><Tabs.Indicator /></Tabs.List><Tabs.Content value=""a"">...</Tabs.Content></Tabs.Root>",WAI-ARIA tabs.,https://ark-ui.com/docs/components/tabs,2026-09-27
ark-ui--toast,ark-ui,Toast,feedback,toast|notification|snackbar,react|next,Headless toast system with createToaster.,npm install @ark-ui/react,"import { Toast, Toaster, createToaster } from '@ark-ui/react/toast'",const toaster = createToaster({ placement: 'bottom-end' }); <Toaster toaster={toaster}>{(t) => <Toast.Root><Toast.Title>{t.title}</Toast.Title></Toast.Root>}</Toaster>,Live region; pauses on hover.,https://ark-ui.com/docs/components/toast,2026-09-27
ark-ui--tooltip,ark-ui,Tooltip,overlay,tooltip|hint,react|next,Headless tooltip.,npm install @ark-ui/react,import { Tooltip } from '@ark-ui/react/tooltip',<Tooltip.Root><Tooltip.Trigger>?</Tooltip.Trigger><Tooltip.Positioner><Tooltip.Content>Help</Tooltip.Content></Tooltip.Positioner></Tooltip.Root>,Hover and focus.,https://ark-ui.com/docs/components/tooltip,2026-09-27
ark-ui--marquee,ark-ui,Marquee,marketing,marquee|logo wall|ticker|infinite scroll|logo carousel,react|next,Headless marquee with edge fades.,npm install @ark-ui/react,import { Marquee } from '@ark-ui/react/marquee',<Marquee.Root><Marquee.Viewport><Marquee.Content><Marquee.Item>Logo</Marquee.Item></Marquee.Content></Marquee.Viewport></Marquee.Root>,Decorative motion; supports pause on hover; respect reduced motion.,https://ark-ui.com/docs/components/marquee,2026-09-27
ark-ui--floating-panel,ark-ui,Floating Panel,overlay,floating panel|draggable window|resizable panel|picture in picture,react|next,"Headless draggable, resizable floating window.",npm install @ark-ui/react,import { FloatingPanel } from '@ark-ui/react/floating-panel',,Provide keyboard-accessible close/stage triggers.,https://ark-ui.com/docs/components/floating-panel,2026-09-27
magic-ui--marquee,magic-ui,Marquee,marketing,marquee|logo wall|infinite scroll|testimonials|ticker|logo carousel,react|next,"Infinite scrolling marquee for logos, testimonials or images (horizontal/vertical, pause on hover).",npx shadcn@latest add @magicui/marquee,"import { Marquee } from ""@/components/ui/marquee""",<Marquee pauseOnHover>{items}</Marquee>,Requires marquee keyframes in globals.css (manual install). Decorative animation: honor prefers-reduced-motion.,https://magicui.design/docs/components/marquee,2026-09-27
magic-ui--bento-grid,magic-ui,Bento Grid,layout,bento|bento grid|feature grid|features section|cards grid,react|next,Bento-box grid layout of feature cards for landing pages.,npx shadcn@latest add @magicui/bento-grid,"import { BentoCard, BentoGrid } from ""@/components/ui/bento-grid""",<BentoGrid><BentoCard {...feature} /></BentoGrid>,,https://magicui.design/docs/components/bento-grid,2026-09-27
magic-ui--number-ticker,magic-ui,Number Ticker,text-effect,number ticker|counter|count up|animated number|stats,react|next,Animates a number counting up/down when scrolled into view.,npx shadcn@latest add @magicui/number-ticker,"import { NumberTicker } from ""@/components/ui/number-ticker""",<NumberTicker value={100} />,Final value is rendered as text; Decorative animation: honor prefers-reduced-motion.,https://magicui.design/docs/components/number-ticker,2026-09-27
magic-ui--animated-beam,magic-ui,Animated Beam,background,beam|animated beam|connection lines|integration diagram|data flow,react|next,Animated light beam travelling along a path between two elements (integration diagrams).,npx shadcn@latest add @magicui/animated-beam,"import { AnimatedBeam } from ""@/components/ui/animated-beam""",,Decorative animation: honor prefers-reduced-motion.,https://magicui.design/docs/components/animated-beam,2026-09-27
magic-ui--border-beam,magic-ui,Border Beam,motion,border beam|animated border|glowing border|card border,react|next,Animated beam of light travelling around a container's border.,npx shadcn@latest add @magicui/border-beam,"import { BorderBeam } from ""@/components/ui/border-beam""","<div className=""relative"">...<BorderBeam /></div>",Decorative animation: honor prefers-reduced-motion.,https://magicui.design/docs/components/border-beam,2026-09-27
magic-ui--magic-card,magic-ui,Magic Card,motion,spotlight card|glow card|hover spotlight|mouse follow gradient,react|next,Card with a spotlight gradient that follows the cursor.,npx shadcn@latest add @magicui/magic-card,"import { MagicCard } from ""@/components/ui/magic-card""",,,https://magicui.design/docs/components/magic-card,2026-09-27
magic-ui--shimmer-button,magic-ui,Shimmer Button,motion,shimmer button|cta button|glowing button|animated button,react|next,Button with a light shimmer travelling around its perimeter.,npx shadcn@latest add @magicui/shimmer-button,"import { ShimmerButton } from ""@/components/ui/shimmer-button""",<ShimmerButton>Get started</ShimmerButton>,Keep visible focus styles on the button.,https://magicui.design/docs/components/shimmer-button,2026-09-27
magic-ui--text-animate,magic-ui,Text Animate,text-effect,text animation|text reveal|fade in text|blur in|split text|stagger,react|next,"Animates text in by character/word/line with fade, blur, slide and scale presets.",npx shadcn@latest add @magicui/text-animate,"import { TextAnimate } from ""@/components/ui/text-animate""","<TextAnimate animation=""blurInUp"" by=""character"">Hello</TextAnimate>",Decorative animation: honor prefers-reduced-motion.,https://magicui.design/docs/components/text-animate,2026-09-27
magic-ui--typing-animation,magic-ui,Typing Animation,text-effect,typewriter|typing effect|typing animation,react|next,Typewriter effect that types out text.,npx shadcn@latest add @magicui/typing-animation,"import { TypingAnimation } from ""@/components/ui/typing-animation""",<TypingAnimation>Typing...</TypingAnimation>,Ensure full text is available to screen readers.,https://magicui.design/docs/components/typing-animation,2026-09-27
magic-ui--word-rotate,magic-ui,Word Rotate,text-effect,word rotate|rotating words|text loop|changing headline,react|next,Vertically rotates through a list of words.,npx shadcn@latest add @magicui/word-rotate,"import { WordRotate } from ""@/components/ui/word-rotate""","<WordRotate words={['fast', 'simple']} />",Decorative animation: honor prefers-reduced-motion.,https://magicui.design/docs/components/word-rotate,2026-09-27
magic-ui--animated-gradient-text,magic-ui,Animated Gradient Text,text-effect,gradient text|animated gradient|badge|announcement pill,react|next,Text with an animated moving gradient (often used for announcement pills).,npx shadcn@latest add @magicui/animated-gradient-text,"import { AnimatedGradientText } from ""@/components/ui/animated-gradient-text""",,,https://magicui.design/docs/components/animated-gradient-text,2026-09-27
magic-ui--aurora-text,magic-ui,Aurora Text,text-effect,aurora text|gradient text|colorful headline|animated gradient,react|next,Headline text with a flowing aurora gradient fill.,npx shadcn@latest add @magicui/aurora-text,"import { AuroraText } from ""@/components/ui/aurora-text""",<AuroraText>Magic</AuroraText>,,https://magicui.design/docs/components/aurora-text,2026-09-27
magic-ui--blur-fade,magic-ui,Blur Fade,motion,blur fade|fade in|scroll reveal|entrance animation|stagger,react|next,"Blur-and-fade entrance animation for any element, optionally when in view.",npx shadcn@latest add @magicui/blur-fade,"import { BlurFade } from ""@/components/ui/blur-fade""",<BlurFade delay={0.25} inView>...</BlurFade>,Decorative animation: honor prefers-reduced-motion.,https://magicui.design/docs/components/blur-fade,2026-09-27
magic-ui--dot-pattern,magic-ui,Dot Pattern,background,dot pattern|dots background|grid dots|svg pattern,react|next,SVG dot background pattern (optionally glowing).,npx shadcn@latest add @magicui/dot-pattern,"import { DotPattern } from ""@/components/ui/dot-pattern""",,,https://magicui.design/docs/components/dot-pattern,2026-09-27
magic-ui--grid-pattern,magic-ui,Grid Pattern,background,grid pattern|grid background|lines grid|svg grid,react|next,SVG grid-line background pattern with highlightable squares.,npx shadcn@latest add @magicui/grid-pattern,"import { GridPattern } from ""@/components/ui/grid-pattern""",,,https://magicui.design/docs/components/grid-pattern,2026-09-27
magic-ui--animated-grid-pattern,magic-ui,Animated Grid Pattern,background,animated grid|grid background|flashing squares,react|next,Grid background with squares that animate in and out.,npx shadcn@latest add @magicui/animated-grid-pattern,"import { AnimatedGridPattern } from ""@/components/ui/animated-grid-pattern""",,Decorative animation: honor prefers-reduced-motion.,https://magicui.design/docs/components/animated-grid-pattern,2026-09-27
magic-ui--flickering-grid,magic-ui,Flickering Grid,background,flickering grid|pixel grid|canvas background|noise grid,react|next,Canvas grid of flickering squares.,npx shadcn@latest add @magicui/flickering-grid,"import { FlickeringGrid } from ""@/components/ui/flickering-grid""",,Decorative animation: honor prefers-reduced-motion.,https://magicui.design/docs/components/flickering-grid,2026-09-27
magic-ui--retro-grid,magic-ui,Retro Grid,background,retro grid|synthwave|perspective grid|80s background,react|next,Animated perspective (synthwave) grid background.,npx shadcn@latest add @magicui/retro-grid,"import { RetroGrid } from ""@/components/ui/retro-grid""",,Decorative animation: honor prefers-reduced-motion.,https://magicui.design/docs/components/retro-grid,2026-09-27
magic-ui--particles,magic-ui,Particles,background,particles|particle background|stars|floating dots|canvas,react|next,Canvas particle field that reacts to the cursor.,npx shadcn@latest add @magicui/particles,"import { Particles } from ""@/components/ui/particles""",,Decorative animation: honor prefers-reduced-motion.,https://magicui.design/docs/components/particles,2026-09-27
magic-ui--meteors,magic-ui,Meteors,background,meteors|shooting stars|meteor shower,react|next,Meteor-shower streaks animating across a container.,npx shadcn@latest add @magicui/meteors,"import { Meteors } from ""@/components/ui/meteors""",<Meteors number={30} />,Decorative animation: honor prefers-reduced-motion.,https://magicui.design/docs/components/meteors,2026-09-27
magic-ui--globe,magic-ui,Globe,media,globe|3d globe|world|earth|cobe,react|next,"Interactive, auto-rotating 3D globe (WebGL) with markers.",npx shadcn@latest add @magicui/globe,"import { Globe } from ""@/components/ui/globe""",,Decorative; provide text alternative for any data shown.,https://magicui.design/docs/components/globe,2026-09-27
magic-ui--light-rays,magic-ui,Light Rays,background,light rays|god rays|beams of light|spotlight background,react|next,Animated volumetric light rays background.,npx shadcn@latest add @magicui/light-rays,"import { LightRays } from ""@/components/ui/light-rays""",,Decorative animation: honor prefers-reduced-motion.,https://magicui.design/docs/components/light-rays,2026-09-27
magic-ui--dock,magic-ui,Dock,navigation,dock|macos dock|magnification|icon bar,react|next,macOS-style dock with icon magnification on hover.,npx shadcn@latest add @magicui/dock,"import { Dock, DockIcon } from ""@/components/ui/dock""",<Dock><DockIcon>...</DockIcon></Dock>,Label each icon link (aria-label).,https://magicui.design/docs/components/dock,2026-09-27
magic-ui--orbiting-circles,magic-ui,Orbiting Circles,motion,orbit|orbiting icons|integrations|circles animation,react|next,Icons orbiting in circles around a center (integrations showcase).,npx shadcn@latest add @magicui/orbiting-circles,"import { OrbitingCircles } from ""@/components/ui/orbiting-circles""",,Decorative animation: honor prefers-reduced-motion.,https://magicui.design/docs/components/orbiting-circles,2026-09-27
magic-ui--hero-video-dialog,magic-ui,Hero Video Dialog,hero,hero video|video modal|video lightbox|demo video,react|next,Hero thumbnail that opens a video in an animated modal.,npx shadcn@latest add @magicui/hero-video-dialog,"import { HeroVideoDialog } from ""@/components/ui/hero-video-dialog""",,Provide captions; ensure the modal is keyboard dismissable.,https://magicui.design/docs/components/hero-video-dialog,2026-09-27
magic-ui--shine-border,magic-ui,Shine Border,motion,shine border|animated border|gradient border|glow border,react|next,Animated gradient shine around a container border.,npx shadcn@latest add @magicui/shine-border,"import { ShineBorder } from ""@/components/ui/shine-border""",,Decorative animation: honor prefers-reduced-motion.,https://magicui.design/docs/components/shine-border,2026-09-27
magic-ui--sparkles-text,magic-ui,Sparkles Text,text-effect,sparkles|sparkling text|glitter text,react|next,Text decorated with animated sparkles.,npx shadcn@latest add @magicui/sparkles-text,"import { SparklesText } from ""@/components/ui/sparkles-text""",<SparklesText>Magic</SparklesText>,Decorative animation: honor prefers-reduced-motion.,https://magicui.design/docs/components/sparkles-text,2026-09-27
magic-ui--scroll-progress,magic-ui,Scroll Progress,navigation,scroll progress|reading progress|progress bar,react|next,Top-of-page progress bar reflecting scroll position.,npx shadcn@latest add @magicui/scroll-progress,"import { ScrollProgress } from ""@/components/ui/scroll-progress""",<ScrollProgress />,Decorative; hide from AT or use role=progressbar with values.,https://magicui.design/docs/components/scroll-progress,2026-09-27
magic-ui--text-reveal,magic-ui,Text Reveal,text-effect,text reveal|scroll text reveal|scroll highlight words,react|next,Words fade from muted to full opacity as the user scrolls.,npx shadcn@latest add @magicui/text-reveal,"import { TextReveal } from ""@/components/ui/text-reveal""",<TextReveal>Your story here.</TextReveal>,Decorative animation: honor prefers-reduced-motion.,https://magicui.design/docs/components/text-reveal,2026-09-27
magic-ui--morphing-text,magic-ui,Morphing Text,text-effect,morphing text|text morph|word morph|blur morph,react|next,Morphs smoothly between a list of words.,npx shadcn@latest add @magicui/morphing-text,"import { MorphingText } from ""@/components/ui/morphing-text""","<MorphingText texts={['Hello', 'World']} />",Decorative animation: honor prefers-reduced-motion.,https://magicui.design/docs/components/morphing-text,2026-09-27
magic-ui--hyper-text,magic-ui,Hyper Text,text-effect,scramble text|hyper text|glitch text|decode text,react|next,Scrambles letters then resolves to the final text.,npx shadcn@latest add @magicui/hyper-text,"import { HyperText } from ""@/components/ui/hyper-text""",<HyperText>Hover me</HyperText>,Decorative animation: honor prefers-reduced-motion.,https://magicui.design/docs/components/hyper-text,2026-09-27
aceternity-ui--aurora-background,aceternity-ui,Aurora Background,background,aurora|northern lights|gradient background|hero background,react|next,Soft animated aurora gradient background for hero sections.,npx shadcn@latest add @aceternity/aurora-background,"import { AuroraBackground } from ""@/components/ui/aurora-background""",<AuroraBackground>...</AuroraBackground>,Decorative animation: honor prefers-reduced-motion.,https://ui.aceternity.com/components/aurora-background,2026-09-27
aceternity-ui--background-beams,aceternity-ui,Background Beams,background,beams|light beams|lines background|hero background,react|next,Animated SVG light beams sweeping across the background.,npx shadcn@latest add @aceternity/background-beams,"import { BackgroundBeams } from ""@/components/ui/background-beams""",<BackgroundBeams />,Decorative animation: honor prefers-reduced-motion.,https://ui.aceternity.com/components/background-beams,2026-09-27
aceternity-ui--spotlight-new,aceternity-ui,Spotlight,hero,spotlight|light cone|hero spotlight|lighting effect,react|next,Animated spotlight cones for dramatic dark hero sections.,npx shadcn@latest add @aceternity/spotlight-new,"import { Spotlight } from ""@/components/ui/spotlight-new""",<Spotlight />,Decorative animation: honor prefers-reduced-motion.,https://ui.aceternity.com/components/spotlight-new,2026-09-27
aceternity-ui--sparkles,aceternity-ui,Sparkles,background,sparkles|particles|stars|glitter|tsparticles,react|next,Configurable sparkle/particle layer (tsParticles) for hero headlines or backgrounds.,npx shadcn@latest add @aceternity/sparkles,"import { SparklesCore } from ""@/components/ui/sparkles""",<SparklesCore particleDensity={100} />,Decorative animation: honor prefers-reduced-motion.,https://ui.aceternity.com/components/sparkles,2026-09-27
aceternity-ui--text-generate-effect,aceternity-ui,Text Generate Effect,text-effect,text generate|fade in words|ai text|word by word,react|next,Words fade in one by one as if being generated.,npx shadcn@latest add @aceternity/text-generate-effect,"import { TextGenerateEffect } from ""@/components/ui/text-generate-effect""",<TextGenerateEffect words={text} />,Decorative animation: honor prefers-reduced-motion.,https://ui.aceternity.com/components/text-generate-effect,2026-09-27
aceternity-ui--typewriter-effect,aceternity-ui,Typewriter Effect,text-effect,typewriter|typing effect|typing animation,react|next,Typewriter text with blinking cursor (TypewriterEffect and TypewriterEffectSmooth).,npx shadcn@latest add @aceternity/typewriter-effect,"import { TypewriterEffectSmooth } from ""@/components/ui/typewriter-effect""",<TypewriterEffectSmooth words={words} />,Ensure full text is accessible to screen readers.,https://ui.aceternity.com/components/typewriter-effect,2026-09-27
aceternity-ui--flip-words,aceternity-ui,Flip Words,text-effect,flip words|rotating words|changing word|text loop,react|next,Cycles through words with a flip/blur animation inside a sentence.,npx shadcn@latest add @aceternity/flip-words,"import { FlipWords } from ""@/components/ui/flip-words""","<FlipWords words={['better', 'modern']} />",Decorative animation: honor prefers-reduced-motion.,https://ui.aceternity.com/components/flip-words,2026-09-27
aceternity-ui--infinite-moving-cards,aceternity-ui,Infinite Moving Cards,marketing,testimonials|marquee|infinite scroll|logo wall|moving cards,react|next,"Infinitely scrolling row of cards, typically testimonials.",npx shadcn@latest add @aceternity/infinite-moving-cards,"import { InfiniteMovingCards } from ""@/components/ui/infinite-moving-cards""","<InfiniteMovingCards items={testimonials} direction=""right"" speed=""slow"" />",Decorative animation: honor prefers-reduced-motion.,https://ui.aceternity.com/components/infinite-moving-cards,2026-09-27
aceternity-ui--bento-grid,aceternity-ui,Bento Grid,layout,bento|bento grid|feature grid|features section,react|next,Skewed bento grid of feature cards with hover effects.,npx shadcn@latest add @aceternity/bento-grid,"import { BentoGrid, BentoGridItem } from ""@/components/ui/bento-grid""","<BentoGrid><BentoGridItem title=""..."" /></BentoGrid>",,https://ui.aceternity.com/components/bento-grid,2026-09-27
aceternity-ui--card-spotlight,aceternity-ui,Card Spotlight,motion,spotlight card|glow card|hover reveal|mouse follow,react|next,Card with a cursor-following spotlight reveal effect.,npx shadcn@latest add @aceternity/card-spotlight,"import { CardSpotlight } from ""@/components/ui/card-spotlight""",<CardSpotlight>...</CardSpotlight>,,https://ui.aceternity.com/components/card-spotlight,2026-09-27
aceternity-ui--3d-card,aceternity-ui,3D Card,motion,3d card|tilt card|perspective hover|parallax card,react|next,Card that tilts in 3D with layered elements popping out on hover.,npx shadcn@latest add @aceternity/3d-card,"import { CardBody, CardContainer, CardItem } from ""@/components/ui/3d-card""","<CardContainer><CardBody><CardItem translateZ=""50"">Title</CardItem></CardBody></CardContainer>",Decorative animation: honor prefers-reduced-motion.,https://ui.aceternity.com/components/3d-card-effect,2026-09-27
aceternity-ui--floating-navbar,aceternity-ui,Floating Navbar,navigation,floating navbar|sticky nav|hide on scroll navbar|pill navbar,react|next,Navbar that hides on scroll down and reappears on scroll up.,npx shadcn@latest add @aceternity/floating-navbar,"import { FloatingNav } from ""@/components/ui/floating-navbar""",<FloatingNav navItems={navItems} />,Keep links reachable by keyboard when the bar is hidden.,https://ui.aceternity.com/components/floating-navbar,2026-09-27
aceternity-ui--resizable-navbar,aceternity-ui,Resizable Navbar,navigation,navbar|resizable navbar|shrinking header|responsive navbar|mobile menu,react|next,"Responsive navbar that shrinks on scroll, with a mobile menu.",npx shadcn@latest add @aceternity/resizable-navbar,"import { Navbar, NavBody, NavItems, MobileNav, NavbarLogo, NavbarButton, MobileNavHeader, MobileNavToggle, MobileNavMenu } from ""@/components/ui/resizable-navbar""",<Navbar><NavBody><NavbarLogo /><NavItems items={navItems} /></NavBody><MobileNav>...</MobileNav></Navbar>,Check that MobileNavToggle has an accessible label and Escape closes the menu.,https://ui.aceternity.com/components/resizable-navbar,2026-09-27
aceternity-ui--animated-modal,aceternity-ui,Animated Modal,overlay,modal|dialog|animated modal|popup,react|next,Modal with springy open animation.,npx shadcn@latest add @aceternity/animated-modal,"import { Modal, ModalBody, ModalContent, ModalFooter, ModalTrigger } from ""@/components/ui/animated-modal""",<Modal><ModalTrigger>Open</ModalTrigger><ModalBody><ModalContent>...</ModalContent></ModalBody></Modal>,"Not built on an a11y primitive: verify focus trap, Escape and labelling; prefer a Radix/Base dialog for critical flows.",https://ui.aceternity.com/components/animated-modal,2026-09-27
aceternity-ui--hero-parallax,aceternity-ui,Hero Parallax,hero,hero parallax|scroll parallax|product showcase|3d scroll,react|next,Scroll-driven parallax hero with rotating rows of product images.,npx shadcn@latest add @aceternity/hero-parallax,"import { HeroParallax } from ""@/components/ui/hero-parallax""",<HeroParallax products={products} />,Decorative animation: honor prefers-reduced-motion.,https://ui.aceternity.com/components/hero-parallax,2026-09-27
aceternity-ui--timeline,aceternity-ui,Timeline,data-display,timeline|changelog|history|roadmap|scroll timeline,react|next,Vertical timeline with a scroll-linked progress beam.,npx shadcn@latest add @aceternity/timeline,"import { Timeline } from ""@/components/ui/timeline""",<Timeline data={data} />,,https://ui.aceternity.com/components/timeline,2026-09-27
aceternity-ui--tracing-beam,aceternity-ui,Tracing Beam,motion,tracing beam|scroll progress line|article progress,react|next,Beam that follows scroll position alongside content.,npx shadcn@latest add @aceternity/tracing-beam,"import { TracingBeam } from ""@/components/ui/tracing-beam""",<TracingBeam>...</TracingBeam>,Decorative animation: honor prefers-reduced-motion.,https://ui.aceternity.com/components/tracing-beam,2026-09-27
aceternity-ui--lamp,aceternity-ui,Lamp Section Header,hero,lamp|lamp effect|glow header|section header|light cone,react|next,Section header lit by an animated lamp glow.,npx shadcn@latest add @aceternity/lamp,"import { LampContainer } from ""@/components/ui/lamp""",<LampContainer><h1>...</h1></LampContainer>,Decorative animation: honor prefers-reduced-motion.,https://ui.aceternity.com/components/lamp-effect,2026-09-27
aceternity-ui--apple-cards-carousel,aceternity-ui,Apple Cards Carousel,media,carousel|apple carousel|cards slider|expandable cards,react|next,Apple-style horizontal carousel of cards that expand into a modal.,npx shadcn@latest add @aceternity/apple-cards-carousel,"import { Carousel, Card } from ""@/components/ui/apple-cards-carousel""",<Carousel items={cards} />,Verify keyboard access to expanded card modal.,https://ui.aceternity.com/components/apple-cards-carousel,2026-09-27
aceternity-ui--wavy-background,aceternity-ui,Wavy Background,background,waves|wavy background|animated waves|canvas background,react|next,Canvas background of animated noisy waves.,npx shadcn@latest add @aceternity/wavy-background,"import { WavyBackground } from ""@/components/ui/wavy-background""",<WavyBackground>...</WavyBackground>,Decorative animation: honor prefers-reduced-motion.,https://ui.aceternity.com/components/wavy-background,2026-09-27
aceternity-ui--glowing-effect,aceternity-ui,Glowing Effect,motion,glow|glowing border|mouse follow border|card glow,react|next,Border glow that follows the cursor around cards.,npx shadcn@latest add @aceternity/glowing-effect,"import { GlowingEffect } from ""@/components/ui/glowing-effect""",<GlowingEffect spread={40} glow disabled={false} proximity={64} />,,https://ui.aceternity.com/components/glowing-effect,2026-09-27
aceternity-ui--hover-border-gradient,aceternity-ui,Hover Border Gradient,motion,gradient border|animated border button|hover border,react|next,Button/container whose gradient border animates and expands on hover.,npx shadcn@latest add @aceternity/hover-border-gradient,"import { HoverBorderGradient } from ""@/components/ui/hover-border-gradient""",<HoverBorderGradient>Get started</HoverBorderGradient>,,https://ui.aceternity.com/components/hover-border-gradient,2026-09-27
aceternity-ui--moving-border,aceternity-ui,Moving Border,motion,moving border|animated border|border animation button,react|next,Button with a light travelling along its border.,npx shadcn@latest add @aceternity/moving-border,"import { Button } from ""@/components/ui/moving-border""","<Button borderRadius=""1.75rem"">Borders</Button>",Decorative animation: honor prefers-reduced-motion.,https://ui.aceternity.com/components/moving-border,2026-09-27
aceternity-ui--background-gradient-animation,aceternity-ui,Background Gradient Animation,background,gradient background|animated gradient|blobs|mesh gradient,react|next,Animated moving gradient blobs background with mouse interaction.,npx shadcn@latest add @aceternity/background-gradient-animation,"import { BackgroundGradientAnimation } from ""@/components/ui/background-gradient-animation""",<BackgroundGradientAnimation>...</BackgroundGradientAnimation>,Decorative animation: honor prefers-reduced-motion.,https://ui.aceternity.com/components/background-gradient-animation,2026-09-27
motion-primitives--text-effect,motion-primitives,Text Effect,text-effect,text effect|text animation|fade in text|blur in|per character|per word,react|next,"Animates text in per character/word/line with presets (fade, blur, slide, scale).",npx motion-primitives@latest add text-effect,import { TextEffect } from '@/components/motion-primitives/text-effect';,<TextEffect per='char' preset='fade'>Animate your ideas</TextEffect>,Decorative animation: honor prefers-reduced-motion.,https://motion-primitives.com/docs/text-effect,2026-09-27
motion-primitives--infinite-slider,motion-primitives,Infinite Slider,marketing,infinite slider|marquee|logo wall|logo carousel|ticker,react|next,Infinite looping slider for logos/content with speed-on-hover control.,npx motion-primitives@latest add infinite-slider,import { InfiniteSlider } from '@/components/motion-primitives/infinite-slider';,<InfiniteSlider gap={24}>{logos}</InfiniteSlider>,Decorative animation: honor prefers-reduced-motion.,https://motion-primitives.com/docs/infinite-slider,2026-09-27
motion-primitives--morphing-dialog,motion-primitives,Morphing Dialog,overlay,morphing dialog|shared element|expand card|layout animation|modal,react|next,Card that morphs into a dialog using shared-layout animation.,npx motion-primitives@latest add morphing-dialog,"import { MorphingDialog, MorphingDialogTrigger, MorphingDialogContent, MorphingDialogTitle, MorphingDialogImage, MorphingDialogSubtitle, MorphingDialogClose, MorphingDialogDescription, MorphingDialogContainer } from '@/components/motion-primitives/morphing-dialog';",<MorphingDialog><MorphingDialogTrigger>...</MorphingDialogTrigger><MorphingDialogContainer><MorphingDialogContent>...<MorphingDialogClose /></MorphingDialogContent></MorphingDialogContainer></MorphingDialog>,Verify focus handling and Escape; not built on a dialog primitive.,https://motion-primitives.com/docs/morphing-dialog,2026-09-27
motion-primitives--animated-number,motion-primitives,Animated Number,text-effect,animated number|counter|count up|number ticker|spring number,react|next,Spring-animated number value.,npx motion-primitives@latest add animated-number,import { AnimatedNumber } from '@/components/motion-primitives/animated-number';,<AnimatedNumber value={value} />,,https://motion-primitives.com/docs/animated-number,2026-09-27
motion-primitives--sliding-number,motion-primitives,Sliding Number,text-effect,sliding number|odometer|digit roll|counter,react|next,Odometer-style number where digits slide.,npx motion-primitives@latest add sliding-number,import { SlidingNumber } from '@/components/motion-primitives/sliding-number';,<SlidingNumber value={value} />,,https://motion-primitives.com/docs/sliding-number,2026-09-27
motion-primitives--text-scramble,motion-primitives,Text Scramble,text-effect,scramble text|decode text|glitch text|hacker text,react|next,Scrambles characters before revealing the text.,npx motion-primitives@latest add text-scramble,import { TextScramble } from '@/components/motion-primitives/text-scramble';,<TextScramble>Text</TextScramble>,Decorative animation: honor prefers-reduced-motion.,https://motion-primitives.com/docs/text-scramble,2026-09-27
motion-primitives--text-shimmer,motion-primitives,Text Shimmer,text-effect,text shimmer|shimmer text|loading text|shine text,react|next,Shimmer highlight sweeping across text.,npx motion-primitives@latest add text-shimmer,import { TextShimmer } from '@/components/motion-primitives/text-shimmer';,<TextShimmer>Generating code...</TextShimmer>,Decorative animation: honor prefers-reduced-motion.,https://motion-primitives.com/docs/text-shimmer,2026-09-27
motion-primitives--text-loop,motion-primitives,Text Loop,text-effect,text loop|rotating text|word rotate|cycling text,react|next,Cycles through children with enter/exit transitions.,npx motion-primitives@latest add text-loop,import { TextLoop } from '@/components/motion-primitives/text-loop';,<TextLoop><span>One</span><span>Two</span></TextLoop>,Decorative animation: honor prefers-reduced-motion.,https://motion-primitives.com/docs/text-loop,2026-09-27
motion-primitives--in-view,motion-primitives,In View,motion,in view|scroll reveal|reveal on scroll|entrance animation,react|next,Animates children when they enter the viewport.,npx motion-primitives@latest add in-view,import { InView } from '@/components/motion-primitives/in-view';,<InView>...</InView>,Decorative animation: honor prefers-reduced-motion.,https://motion-primitives.com/docs/in-view,2026-09-27
motion-primitives--animated-group,motion-primitives,Animated Group,motion,stagger|staggered animation|group animation|list reveal,react|next,Staggered entrance animation for a group of children with presets.,npx motion-primitives@latest add animated-group,import { AnimatedGroup } from '@/components/motion-primitives/animated-group';,<AnimatedGroup preset='blur-slide'>...</AnimatedGroup>,Decorative animation: honor prefers-reduced-motion.,https://motion-primitives.com/docs/animated-group,2026-09-27
motion-primitives--tilt,motion-primitives,Tilt,motion,tilt|3d tilt|parallax hover|hover card,react|next,3D tilt effect following the cursor.,npx motion-primitives@latest add tilt,import { Tilt } from '@/components/motion-primitives/tilt';,<Tilt rotationFactor={8}>...</Tilt>,Decorative animation: honor prefers-reduced-motion.,https://motion-primitives.com/docs/tilt,2026-09-27
motion-primitives--spotlight,motion-primitives,Spotlight,motion,spotlight|cursor glow|hover light|glow card,react|next,Soft spotlight that follows the cursor inside its parent.,npx motion-primitives@latest add spotlight,import { Spotlight } from '@/components/motion-primitives/spotlight';,<Spotlight size={64} />,,https://motion-primitives.com/docs/spotlight,2026-09-27
motion-primitives--magnetic,motion-primitives,Magnetic,motion,magnetic|magnetic button|cursor attraction|hover pull,react|next,Pulls an element toward the cursor when nearby.,npx motion-primitives@latest add magnetic,import { Magnetic } from '@/components/motion-primitives/magnetic';,<Magnetic><button>Hover</button></Magnetic>,Decorative animation: honor prefers-reduced-motion.,https://motion-primitives.com/docs/magnetic,2026-09-27
motion-primitives--transition-panel,motion-primitives,Transition Panel,motion,transition panel|animated tabs content|panel switch|step transition,react|next,Animates between panels by active index (tabs/steps content).,npx motion-primitives@latest add transition-panel,import { TransitionPanel } from '@/components/motion-primitives/transition-panel';,<TransitionPanel activeIndex={i}>{panels}</TransitionPanel>,,https://motion-primitives.com/docs/transition-panel,2026-09-27
motion-primitives--animated-background,motion-primitives,Animated Background,motion,animated background|active indicator|hover highlight|sliding pill|tabs highlight,react|next,"Shared-layout highlight that slides between active/hovered items (tabs, nav).",npx motion-primitives@latest add animated-background,import { AnimatedBackground } from '@/components/motion-primitives/animated-background';,<AnimatedBackground enableHover>{items}</AnimatedBackground>,,https://motion-primitives.com/docs/animated-background,2026-09-27
motion-primitives--glow-effect,motion-primitives,Glow Effect,motion,glow|glow effect|animated glow|gradient glow,react|next,Animated colorful glow behind an element.,npx motion-primitives@latest add glow-effect,import { GlowEffect } from '@/components/motion-primitives/glow-effect';,<GlowEffect mode='rotate' />,Decorative animation: honor prefers-reduced-motion.,https://motion-primitives.com/docs/glow-effect,2026-09-27
motion-primitives--progressive-blur,motion-primitives,Progressive Blur,layout,progressive blur|edge blur|fade edge|gradient blur,react|next,Layered backdrop blur that increases toward an edge.,npx motion-primitives@latest add progressive-blur,import { ProgressiveBlur } from '@/components/motion-primitives/progressive-blur';,<ProgressiveBlur direction='left' />,,https://motion-primitives.com/docs/progressive-blur,2026-09-27
motion-primitives--border-trail,motion-primitives,Border Trail,motion,border trail|animated border|border beam|loading border,react|next,Light trail travelling around an element's border.,npx motion-primitives@latest add border-trail,import { BorderTrail } from '@/components/motion-primitives/border-trail';,<BorderTrail size={60} />,Decorative animation: honor prefers-reduced-motion.,https://motion-primitives.com/docs/border-trail,2026-09-27
react-bits--split-text,react-bits,Split Text,text-effect,split text|stagger text|letter animation|character animation|gsap text,react|next,Splits text into characters/words for a staggered GSAP entrance.,npx shadcn@latest add https://reactbits.dev/r/SplitText-TS-TW,"import SplitText from ""./SplitText"";",,Decorative animation: honor prefers-reduced-motion.,https://www.reactbits.dev/text-animations/split-text,2026-09-27
react-bits--blur-text,react-bits,Blur Text,text-effect,blur text|blur in|soft reveal|text reveal,react|next,"Text resolves from blurred to crisp, word by word.",npx shadcn@latest add https://reactbits.dev/r/BlurText-TS-TW,"import BlurText from ""./BlurText"";",,Decorative animation: honor prefers-reduced-motion.,https://www.reactbits.dev/text-animations/blur-text,2026-09-27
react-bits--shiny-text,react-bits,Shiny Text,text-effect,shiny text|shimmer text|metallic text|shine,react|next,Metallic sheen sweeping across text.,npx shadcn@latest add https://reactbits.dev/r/ShinyText-TS-TW,import ShinyText from './ShinyText';,,Decorative animation: honor prefers-reduced-motion.,https://www.reactbits.dev/text-animations/shiny-text,2026-09-27
react-bits--count-up,react-bits,Count Up,text-effect,count up|counter|number ticker|stats|animated number,react|next,Animated number counter with formatting.,npx shadcn@latest add https://reactbits.dev/r/CountUp-TS-TW,import CountUp from './CountUp',,Decorative animation: honor prefers-reduced-motion.,https://www.reactbits.dev/text-animations/count-up,2026-09-27
react-bits--scroll-velocity,react-bits,Scroll Velocity,text-effect,scroll velocity|marquee text|scrolling text|kinetic typography,react|next,Text marquee whose speed reacts to scroll velocity.,npx shadcn@latest add https://reactbits.dev/r/ScrollVelocity-TS-TW,import ScrollVelocity from './ScrollVelocity';,,Decorative animation: honor prefers-reduced-motion.,https://www.reactbits.dev/text-animations/scroll-velocity,2026-09-27
react-bits--gradient-text,react-bits,Gradient Text,text-effect,gradient text|animated gradient|colorful text,react|next,Animated gradient sweep across live text.,npx shadcn@latest add https://reactbits.dev/r/GradientText-TS-TW,import GradientText from './GradientText',,Decorative animation: honor prefers-reduced-motion.,https://www.reactbits.dev/text-animations/gradient-text,2026-09-27
react-bits--rotating-text,react-bits,Rotating Text,text-effect,rotating text|word rotate|text loop|flip text,react|next,Cycles phrases with 3D rotate/flip transitions.,npx shadcn@latest add https://reactbits.dev/r/RotatingText-TS-TW,import RotatingText from './RotatingText',,Decorative animation: honor prefers-reduced-motion.,https://www.reactbits.dev/text-animations/rotating-text,2026-09-27
react-bits--text-type,react-bits,Text Type,text-effect,typewriter|typing effect|typing animation|cursor,react|next,Typewriter effect with blinking cursor.,npx shadcn@latest add https://reactbits.dev/r/TextType-TS-TW,import TextType from './TextType';,,Decorative animation: honor prefers-reduced-motion.,https://www.reactbits.dev/text-animations/text-type,2026-09-27
react-bits--logo-loop,react-bits,Logo Loop,marketing,logo loop|logo wall|marquee|logo carousel|brand logos,react|next,Seamless looping marquee of brand/tech logos with hover pause.,npx shadcn@latest add https://reactbits.dev/r/LogoLoop-TS-TW,import LogoLoop from './LogoLoop';,,Decorative animation: honor prefers-reduced-motion.,https://www.reactbits.dev/animations/logo-loop,2026-09-27
react-bits--magic-bento,react-bits,Magic Bento,layout,bento|bento grid|feature grid|interactive cards|spotlight,react|next,"Interactive bento grid with spotlight, tilt and particle effects.",npx shadcn@latest add https://reactbits.dev/r/MagicBento-TS-TW,import MagicBento from './MagicBento',,Decorative animation: honor prefers-reduced-motion.,https://www.reactbits.dev/components/magic-bento,2026-09-27
react-bits--spotlight-card,react-bits,Spotlight Card,motion,spotlight card|glow card|cursor spotlight|hover glow,react|next,Card with a gradient spotlight following the cursor.,npx shadcn@latest add https://reactbits.dev/r/SpotlightCard-TS-TW,import SpotlightCard from './SpotlightCard';,,Decorative animation: honor prefers-reduced-motion.,https://www.reactbits.dev/components/spotlight-card,2026-09-27
react-bits--aurora,react-bits,Aurora,background,aurora|northern lights|gradient background|webgl background|shader,react|next,WebGL flowing aurora gradient background (ogl).,npx shadcn@latest add https://reactbits.dev/r/Aurora-TS-TW,import Aurora from './Aurora';,,"Heavy WebGL/animation: lazy-load below the fold, pause offscreen, and honor prefers-reduced-motion.",https://www.reactbits.dev/backgrounds/aurora,2026-09-27
react-bits--particles,react-bits,Particles,background,particles|particle background|stars|webgl particles,react|next,Configurable WebGL particle system background (ogl).,npx shadcn@latest add https://reactbits.dev/r/Particles-TS-TW,import Particles from './Particles';,,"Heavy WebGL/animation: lazy-load below the fold, pause offscreen, and honor prefers-reduced-motion.",https://www.reactbits.dev/backgrounds/particles,2026-09-27
react-bits--silk,react-bits,Silk,background,silk|waves|fabric|soft background|shader background|three,react|next,Smooth silky wave shader background (react-three-fiber).,npx shadcn@latest add https://reactbits.dev/r/Silk-TS-TW,import Silk from './Silk';,,"Heavy WebGL/animation: lazy-load below the fold, pause offscreen, and honor prefers-reduced-motion.",https://www.reactbits.dev/backgrounds/silk,2026-09-27
react-bits--dot-grid,react-bits,Dot Grid,background,dot grid|dots background|interactive grid|cursor reactive,react|next,Animated dot grid reacting to the cursor (GSAP).,npx shadcn@latest add https://reactbits.dev/r/DotGrid-TS-TW,import DotGrid from './DotGrid';,,"Heavy WebGL/animation: lazy-load below the fold, pause offscreen, and honor prefers-reduced-motion.",https://www.reactbits.dev/backgrounds/dot-grid,2026-09-27
react-bits--light-rays,react-bits,Light Rays,background,light rays|god rays|volumetric light|beams,react|next,Volumetric light rays shader background (ogl).,npx shadcn@latest add https://reactbits.dev/r/LightRays-TS-TW,import LightRays from './LightRays';,,"Heavy WebGL/animation: lazy-load below the fold, pause offscreen, and honor prefers-reduced-motion.",https://www.reactbits.dev/backgrounds/light-rays,2026-09-27
react-bits--galaxy,react-bits,Galaxy,background,galaxy|starfield|stars|space background|parallax stars,react|next,Parallax starfield shader with pointer interaction (ogl).,npx shadcn@latest add https://reactbits.dev/r/Galaxy-TS-TW,import Galaxy from './Galaxy';,,"Heavy WebGL/animation: lazy-load below the fold, pause offscreen, and honor prefers-reduced-motion.",https://www.reactbits.dev/backgrounds/galaxy,2026-09-27
react-bits--threads,react-bits,Threads,background,threads|lines|flowing lines|wave lines|shader,react|next,Animated flowing thread lines shader background (ogl).,npx shadcn@latest add https://reactbits.dev/r/Threads-TS-TW,import Threads from './Threads';,,"Heavy WebGL/animation: lazy-load below the fold, pause offscreen, and honor prefers-reduced-motion.",https://www.reactbits.dev/backgrounds/threads,2026-09-27
react-bits--liquid-ether,react-bits,Liquid Ether,background,liquid|fluid simulation|ether|interactive shader|three,react|next,Interactive fluid-simulation shader background (three).,npx shadcn@latest add https://reactbits.dev/r/LiquidEther-TS-TW,import LiquidEther from './LiquidEther';,,"Heavy WebGL/animation: lazy-load below the fold, pause offscreen, and honor prefers-reduced-motion.",https://www.reactbits.dev/backgrounds/liquid-ether,2026-09-27
sonner--toaster,sonner,Toaster / toast(),feedback,toast|notification|snackbar|alert|sonner,react|next,"Stacked animated toast notifications with promise, action and rich-color variants.",npm install sonner,"import { Toaster, toast } from 'sonner';","<Toaster /> once in the root layout, then toast('My first toast')",Toaster renders a labelled live region (hotkey Alt+T focuses it); keep critical actions out of toasts.,https://sonner.emilkowal.ski/,2026-09-27
vaul--drawer,vaul,Drawer,overlay,drawer|bottom sheet|mobile sheet|swipe to dismiss|snap points,react|next,Unstyled draggable bottom-sheet drawer with snap points.,npm install vaul,import { Drawer } from 'vaul';,<Drawer.Root><Drawer.Trigger>Open</Drawer.Trigger><Drawer.Portal><Drawer.Overlay /><Drawer.Content>...</Drawer.Content></Drawer.Portal></Drawer.Root>,Radix Dialog semantics underneath; include a Drawer.Title. Library is unmaintained.,https://vaul.emilkowal.ski/getting-started,2026-09-27
cmdk--command,cmdk,Command,navigation,command palette|cmd k|command menu|launcher|spotlight search|searchable list,react|next,"Unstyled command menu with built-in fuzzy filtering, groups and a dialog variant.",npm install cmdk,import { Command } from 'cmdk',"<Command label=""Command Menu""><Command.Input /><Command.List><Command.Empty>No results found.</Command.Empty><Command.Group heading=""Letters""><Command.Item>a</Command.Item></Command.Group></Command.List></Command>",Provide label; use Command.Dialog for the Cmd+K overlay (Radix Dialog underneath).,https://cmdk.paco.me/,2026-09-27
embla-carousel-react--carousel,embla-carousel-react,useEmblaCarousel,media,carousel|slider|slideshow|swipe|headless carousel|gallery,react|next,Headless carousel hook: you render viewport/container/slides markup and style it.,npm install embla-carousel-react --save,import useEmblaCarousel from 'embla-carousel-react',"const [emblaRef] = useEmblaCarousel(); <div className=""embla__viewport"" ref={emblaRef}><div className=""embla__container""><div className=""embla__slide"">1</div></div></div>","Headless: add your own prev/next buttons with labels, aria-roledescription=carousel and slide labels.",https://www.embla-carousel.com/docs/get-started/react,2026-09-27
embla-carousel-react--autoplay,embla-carousel-react,Autoplay plugin,media,carousel autoplay|auto slide|autoplay slider,react|next,Autoplay plugin for Embla carousels.,npm install embla-carousel-autoplay --save,import Autoplay from 'embla-carousel-autoplay',"const [emblaRef] = useEmblaCarousel({ loop: true }, [Autoplay()])",Provide a visible pause control and stop on hover/focus (WCAG 2.2.2).,https://www.embla-carousel.com/docs/plugins/autoplay,2026-09-27
react-day-picker--day-picker,react-day-picker,DayPicker,form,date picker|calendar|date range|day picker|datepicker,react|next,"Calendar component supporting single, multiple and range selection with animation.",npm install @daypicker/react,"import { DayPicker } from ""@daypicker/react""; import ""@daypicker/react/style.css"";","<DayPicker animate mode=""single"" selected={selected} onSelect={setSelected} />",Keyboard navigable grid; add a visible label/footer describing the selection.,https://daypicker.dev/,2026-09-27
tanstack-table--use-table,tanstack-table,useTable,data-display,data table|datagrid|headless table|sorting|filtering|pagination|react table,react|next,Headless table state/logic hook (v9) you render with your own <table> markup.,npm install @tanstack/react-table,"import { tableFeatures, useTable } from '@tanstack/react-table'","const features = tableFeatures({}); const table = useTable({ features, columns, data })","You own the markup: use real table elements, button sort headers and aria-sort.",https://tanstack.com/table/latest/docs/framework/react/quick-start,2026-09-27
coss-ui--dialog,coss-ui,Dialog,overlay,modal|dialog|popup|base ui dialog,react|next,Styled Base UI dialog with header/panel/footer.,npx shadcn@latest add @coss/dialog,"import { Dialog, DialogClose, DialogDescription, DialogPanel, DialogFooter, DialogHeader, DialogPopup, DialogTitle, DialogTrigger } from ""@/components/ui/dialog""",<Dialog><DialogTrigger>Open</DialogTrigger><DialogPopup><DialogHeader><DialogTitle>Title</DialogTitle></DialogHeader><DialogPanel>...</DialogPanel></DialogPopup></Dialog>,"Base UI dialog semantics: focus trap, Escape closes.",https://coss.com/ui/docs/components/dialog,2026-09-27
coss-ui--sheet,coss-ui,Sheet,overlay,sheet|side panel|slide over|drawer|mobile menu,react|next,Styled side sheet on Base UI dialog.,npx shadcn@latest add @coss/sheet,"import { Sheet, SheetContent, SheetDescription, SheetFooter, SheetHeader, SheetPanel, SheetPopup, SheetTitle, SheetTrigger } from ""@/components/ui/sheet""",,Dialog semantics; include SheetTitle.,https://coss.com/ui/docs/components/sheet,2026-09-27
coss-ui--combobox,coss-ui,Combobox,form,combobox|autocomplete|multi select|chips|searchable select,react|next,Styled Base UI combobox with single/multiple (chips) modes.,npx shadcn@latest add @coss/combobox,"import { Combobox, ComboboxEmpty, ComboboxInput, ComboboxItem, ComboboxList, ComboboxPopup } from ""@/components/ui/combobox""",,Combobox + listbox semantics from Base UI.,https://coss.com/ui/docs/components/combobox,2026-09-27
coss-ui--toast,coss-ui,Toast,feedback,toast|notification|snackbar,react|next,Styled Base UI toast with a toastManager API.,npx shadcn@latest add @coss/toast,"import { toastManager } from ""@/components/ui/toast""","toastManager.add({ title: ""Event has been created"", description: ""Monday at 6:00pm"" })",Add ToastProvider (exported from @/components/ui/toast) to the root layout first.,https://coss.com/ui/docs/components/toast,2026-09-27
coss-ui--menu,coss-ui,Menu,overlay,dropdown|menu|actions menu|submenu,react|next,"Styled Base UI dropdown menu with groups, radio/checkbox items and submenus.",npx shadcn@latest add @coss/menu,"import { Menu, MenuItem, MenuPopup, MenuSeparator, MenuTrigger } from ""@/components/ui/menu""",<Menu><MenuTrigger>Open</MenuTrigger><MenuPopup><MenuItem>Edit</MenuItem></MenuPopup></Menu>,Menu pattern with typeahead.,https://coss.com/ui/docs/components/menu,2026-09-27
coss-ui--tabs,coss-ui,Tabs,navigation,tabs|tab panel|segmented,react|next,Styled Base UI tabs.,npx shadcn@latest add @coss/tabs,"import { Tabs, TabsList, TabsPanel, TabsTab } from ""@/components/ui/tabs""","<Tabs defaultValue=""a""><TabsList><TabsTab value=""a"">A</TabsTab></TabsList><TabsPanel value=""a"">...</TabsPanel></Tabs>",WAI-ARIA tabs.,https://coss.com/ui/docs/components/tabs,2026-09-27
